Title,Description,URL_Link
boomer - Urban Dictionary,"A person from the baby boomer generation or really anyone who is older than the person using the word, usually used if said person is being annoying or talking ...",https://www.urbandictionary.com/define.php?term=boomer
OK Boomer - Wikipedia,"The phrase ""OK Boomer"" is a pejorative retort used to dismiss or mock perceived narrow-minded, outdated, negatively-judgemental, or condescending attitudes of older people, particularly baby boomers.",https://en.wikipedia.org/wiki/OK_Boomer
"""OK, Boomer"": The millennial generation's way of waving ...","3 days ago - My friend, Faith Salie, stirred up a lot of trouble on last week's show with an essay about the phrase ""OK, Boomer,"" the Millennial Generation's ...",https://www.cbsnews.com/news/bill-flanagan-on-the-ok-boomer-controversy/
"What does “OK boomer” mean? The meme, explained - Vox","Nov 19, 2019 - For a long time now, the cross-generational dialogue between baby boomers and millennials has been built atop several recurring themes.",https://www.vox.com/2019/11/19/20963757/what-is-ok-boomer-meme-about-meaning-gen-z-millennials
'OK Boomer' Marks the End of Friendly Generational Relations ...,"Oct 29, 2019 - “Ok boomer” has become Generation Z's endlessly repeated retort to the problem of older people who just don't get it, a rallying cry for millions ...",https://www.nytimes.com/2019/10/29/style/ok-boomer.html
What Does OK boomer Mean? | Slang by Dictionary.com,"Nov 4, 2019 - OK boomer is a viral internet slang phrase used to call out out-of-touch or close-minded opinions associated with the baby boomer generation.",https://www.dictionary.com/e/slang/ok-boomer/
OK BOOMER: A History of Boomer Hating – Wisecrack Edition ...,Install Raid for Free ✅ IOS: http://bit.ly/Wisecrack_ios ✅ ANDROID: http://bit.ly/Wisecrack_android and get a special ...,https://www.youtube.com/watch?v=wwLHaCU-GaM
Boomers React To OK Boomer Memes - YouTube,OK Boomer Memes reacted to by Boomers. Original links below. Watch Millennials/GenZ React to OK Boomer ...,https://www.youtube.com/watch?v=dYo9QgVqAW8
Boomer & Millennial Get Handcuffed For 24-Hours - YouTube,A Baby Boomer and Millennial are forced to be handcuffed together for 24-hours - will they find common ...,https://www.youtube.com/watch?v=9_o68Q2DBKw
How do we move on from 'OK boomer?' - MarketWatch,"Dec 3, 2019 - Boomer blaming, finger pointing and the generational divide: Shouldn't we address the real issues?",https://www.marketwatch.com/story/how-do-we-move-on-from-ok-boomer-2019-12-02
"As a baby boomer, I didn't grow up with this culture of entitlement","1 day ago - 'It seems like lots of people of varying ages seem to believe that they have rights to an inheritance, often by virtue of being a DNA relative and ...",https://www.marketwatch.com/story/as-a-baby-boomer-i-didnt-grow-up-with-this-culture-of-entitlement-do-i-have-to-leave-my-estate-to-my-children-or-spouse-2019-12-06
An Obituary for 'OK Boomer' - The Atlantic,"Nov 29, 2019 - The meme emerges from some dim, untraceable nativity; to this day, for instance, no one can account for the origins of “OK Boomer.” The meme ...",https://www.theatlantic.com/ideas/archive/2019/11/obituary-ok-boomer/602656/
"OK, Boomer: This Is How To Respond To Gen Z's New Meme","Nov 26, 2019 - OK, Boomer. If you're the target of this new, headline-grabbing phrase, you're supposedly out of touch—whether you're a Baby Boomer or not.",https://www.forbes.com/sites/markcperna/2019/11/26/ok-boomer-this-is-how-to-respond-to-gen-zs-new-meme/
American Millennials May Resent the Baby Boomers for ...,"Nov 25, 2019 - American millennials may resent their baby boomer elders for ruining the world, but generational politics in mainland China and Hong Kong ...",https://foreignpolicy.com/2019/11/25/ok-boomer-millennials-resent-ruining-world-generational-politics-mainland-china-hong-kong/
OK Boomer – Youtooz | Exclusive Collectibles,"The Collectible Back in my day.... OK Boomer is your typical, middle-aged corporate worker. Fresh off the production line, this meme ships wearing a bland ...",https://youtooz.com/products/ok-boomer
boomer - Wiktionary,"boomer (plural boomers). An adult male kangaroo. (slang, derogatory) A baby boomer. OK, boomer. (2019 Internet meme). Something that makes a booming ...",https://en.wiktionary.org/wiki/boomer
OK Boomer | Know Your Meme,"""OK Boomer"" is a dismissive retort often used to disregard or mock Baby Boomers and those who are perceived as old-fashioned and being out-of-touch.",https://knowyourmeme.com/memes/ok-boomer
"Be Careful, Millennials: Saying 'OK Boomer' Could Get You In ...","Nov 26, 2019 - I entered this world in 1965, so I'm not ""officially"" a baby boomer, which is the generation loosely defined as having been born between 1946 ...",https://www.entrepreneur.com/article/343026
"30 Times Boomers Gave Advice, But Didn't Notice That The ...",Are you tired of the phrase 'OK Boomer' yet? Originating from the exasperation and futility of arguing with people who approach the world's problems from a ...,https://www.boredpanda.com/boomer-out-of-touch-advice/
Boomer | Definition of Boomer by Merriam-Webster,2 : one that joins a rush of settlers to a boom area. 3 : a transient worker (such as a bridge builder). 4 : a person born during a baby boom : baby boomer ...,https://www.merriam-webster.com/dictionary/boomer
"'OK, Boomer' Vs. 'OK, Millennial': Workplace Nightmare, Or ...","Nov 18, 2019 - Sophie Vershbow has seen her share of ""OK, boomer"" memes in recent weeks. The phrase that's suddenly everywhere is meant to convey a ...",https://www.npr.org/2019/11/18/779783608/-okboomer-vs-okmillennial-workplace-nightmare-or-just-a-meme
"OK boomer, who's up for a generational showdown ...","Nov 14, 2019 - OK boomer, who's up for a generational showdown? The controversial meme has exposed a deep rift between the young and their elders.",https://www.ft.com/content/52d858a0-06da-11ea-9afa-d9e2401fa7ca
'OK boomer' is dividing generations. What does it mean?,"Nov 6, 2019 - Now that ""OK boomer"" shown up on TikTok, Twitter and in the halls of New Zealand's parliament, we may have a chance to bridge the ...",https://www.nbcnews.com/better/lifestyle/ok-boomer-diving-generation-what-does-it-mean-ncna1077261
"OK Boomer, Who's Going to Buy Your 21 Million Homes? - WSJ","Nov 23, 2019 - Baby boomers are getting ready to sell one quarter of America's homes over the next two decades. The problem is many of these properties are ...",https://www.wsj.com/articles/ok-boomer-whos-going-to-buy-your-21-million-homes-11574485201
14 ways to say 'OK boomer' in French - according to Twitter ...,"Nov 25, 2019 - The phrase 'OK boomer' has swept to popularity first in the USA then in the UK in recent weeks, and now one Twitter users has offered her ...",https://www.thelocal.fr/20191125/14-ways-to-say-ok-boomer-in-french-according-to-twitter
“OK Boomer” Is Just the First Salvo of a Larger Generational ...,"Nov 21, 2019 - Lazy” millennials and “self-absorbed” Gen Zers will soon be asked to cough up trillions to cover the retirements of the boomers who mercilessly ...",https://fee.org/articles/ok-boomer-is-just-the-first-salvo-of-a-larger-generational-showdown/
What Does 'OK Boomer' Mean? | British Vogue,"Nov 15, 2019 - The viral ""OK Boomer"" meme, which exploded on TikTok, sparked an intergenerational debate across mainstream media, Twitter — and even ...",https://www.vogue.co.uk/arts-and-lifestyle/article/can-baby-boomers-and-generation-z-be-friends-ok-boomer
'OK boomer!' The insult of the year is about to become a TV ...,"Nov 20, 2019 - That phrase is 'OK boomer'. For the uninitiated, 'OK boomer' has quickly become the defining meme of 2019; an offhanded putdown directed ...",https://www.theguardian.com/tv-and-radio/2019/nov/20/ok-boomer-the-insult-of-the-year-is-about-to-become-a-tv-show
Fox filed 'OK boomer' trademark application for TV show - CNN,"Nov 18, 2019 - OK, boomer. Ready for a trademark application war? Its growing popularity has led to a number of trademark applications that have been filed ...",https://edition.cnn.com/2019/11/18/entertainment/ok-boomer-fox-trademark-trnd/index.html
OK Boomer T-Shirt: Clothing - Amazon.com,Buy OK Boomer T-Shirt: Shop top fashion brands T-Shirts at Amazon.com ✓ FREE DELIVERY and Returns possible on eligible purchases.,https://www.amazon.com/Grizzly-Designs-OK-Boomer-T-Shirt/dp/B07ZBRHSGW
"Climate Change Is the Ultimate “OK, Boomer” Issue | The New ...","2 days ago - On a Sunday in November, 170 students filed into the Vermont Statehouse, using the legislature's chambers to talk about the climate crisis and ...",https://newrepublic.com/article/155905/climate-change-ultimate-ok-boomer-issue
"The problem with 'OK, boomer' - The Washington Post","Nov 13, 2019 - “OK, boomer.” The refrain — withering or ironic, depending on whom you ask — has spread like wildfire on social media, even making an ...",https://www.washingtonpost.com/outlook/2019/11/13/problem-with-ok-boomer/
Boomer Bodysuit - Reformation,"Sure you have to get full naked to pee but whatever. This is a longsleeve bodysuit with a wide neck, center back cutout, and center back twist. The Boomer pairs ...",https://www.thereformation.com/products/boomer-bodysuit
Saying 'OK Boomer' At Work Is Considered Age Discrimination ...,"Nov 30, 2019 - The phrase “OK boomer” has become a catch-all put-down that Generation Zers and young millennials have been using to dismiss retrograde ...",https://news.yahoo.com/saying-ok-boomer-considered-age-100000740.html
What does OK boomer mean and where did the catchphrase ...,"SOCIAL media has given us thousands of memes, catchphrases and jokes - OK boomer being one of them. But what does the most catchphrase really mean?",https://www.thesun.co.uk/news/10328144/what-does-ok-boomer-mean-meme-catchphrase/
"Abigail Disney responds to those offended by 'OK, Boomer'","Nov 12, 2019 - Abigail Disney, the heiress to the mass media and entertainment firm, has told fellow baby boomers offended by viral retort ""OK, Boomer"" to ""sit ...",https://www.cnbc.com/2019/11/12/abigail-disney-responds-to-those-offended-by-ok-boomer.html
Boomers killed the Facebook status - Mashable,"Dec 3, 2019 - Facebook's colorful status updates have become the Boomer social media feature of choice, and it's getting out of control.",https://mashable.com/article/ok-boomer-colorful-facebook-statuses/
boomer (noun) definition and synonyms | Macmillan Dictionary,"Define boomer (noun) and get synonyms. What is boomer (noun)? boomer (noun) meaning, pronunciation and more by Macmillan Dictionary.",https://www.macmillandictionary.com/dictionary/british/boomer
"Saying 'OK boomer' at work might be a bad idea, experts say ...","Nov 21, 2019 - The latest punchline for older folks might be a no-go at work. Some experts think “OK boomer” flies in the face of the Age Discrimination in ...",https://www.charlotteobserver.com/news/nation-world/national/article237643454.html
OK BOOMER HAVE A TERRIBLE DAY | Bonfire,Official OK BOOMER sweatshirt created by @toasterpancakes on tiktok. Don't let the cold weather stop you from expressing your feelings on boomers! It sure ...,https://www.bonfire.com/ok-boomer-have-a-terrible-day-1/
Sunday Comics: OK Boomer - Kotaku,"Dec 1, 2019 - Hello! It's time for Kotaku's Sunday Comics, your weekly roundup of the best webcomics. The images enlarge if you click on the magnifying ...",https://kotaku.com/sunday-comics-ok-boomer-1840126630
"Ok boomer : d'où ça vient, ce que ça veut dire, et le clash des ...","Nov 26, 2019 - L'expression « Ok boomer » prend de l'ampleur sur les réseaux. Découvre d'où vient ce nouveau meme, ce qu'il signifie, et pourquoi il ...",https://www.madmoizelle.com/meme-ok-boomer-definition-origine-1029449
A Millennial's Guide to Boomer Humor - Rachel Wayne ...,"Aug 26, 2019 - It's common among boomers to loathe their spouse. Therefore, you'll see lots of cartoons and memes that portray marriage as an inescapable, ...",https://medium.com/@rachelwayne/a-millennials-guide-to-boomer-humor-86b86dedb1d3
"Boomer Circle, Dallas, TX, USA - Google Maps","Boomer Circle, Dallas, TX, USA. Connect to internet to see place info. Directions. Show map. Directions. Google Maps. Traffic Transit Bicycling Satellite Terrain.",https://www.google.com/maps/search/?api=1&query=Boomer+Circle%2C+Boomer+Cir%2C+Dallas%2C+TX%2C+75238%2C+us&query_place_id=Eh5Cb29tZXIgQ2lyY2xlLCBEYWxsYXMsIFRYLCBVU0EiLiosChQKEglbFGmBgaBOhhE_ctX0SDyV_RIUChIJS5dFe_cZTIYRj2dH9qSb7Lk
30 year old boomer core on Spotify,"30 year old boomer core. By jesuschristadhd3000. groundbreaking music for the baby boomers. 105 songs. Play on Spotify. 1. Baby, I Love Your Way ...",https://open.spotify.com/playlist/6iVdMHS7njY1A0ayLpwRAz
The boomer shift: How Canada's economy is headed for major ...,"Nov 6, 2015 - This is part of The Globe and Mail's week-long series on baby boomers and how their spending, investing, health and lifestyle decisions could ...",https://www.theglobeandmail.com/globe-investor/retirement/the-boomer-shift-how-canadas-economy-is-headed-for-majorchange/article27159892/
ok boomer w/ jedwill by peter kuli on SoundCloud - Hear the ...,"Explore the largest community of artists, bands, podcasters and creators of music & audio.",https://soundcloud.com/peterkuli/okboomer
Men's Boomer | APL Shoes - Athletic Propulsion Labs,Group. Reset Apply. Filter. Gender. Men. Type. Basketball. Size. 10; 10.5; 11; 11.5; 12; 13; 14; 15. Color. Black; Green; Metallic; White. Footwear. Boomer. Group.,https://www.athleticpropulsionlabs.com/collections/mens-boomer
'OK boomer': Abigail Disney tells those offended to 'sit down ...,"Nov 12, 2019 - Abigail Disney has hit out at people taking offence at the ""OK boomer"" trend, telling them to ""sit... down and let the kids drive"". In a thread on ...",https://www.bbc.com/news/world-us-canada-50384200
#boomer hashtag on Instagram • Photos and Videos,625.4k Posts - See Instagram photos and videos from 'boomer' hashtag.,https://www.instagram.com/explore/tags/boomer/?hl=en
"3 Psychological Drawbacks of the Popularity of ""OK Boomer ...","Nov 25, 2019 - OK Boomer checks all these boxes. The meme was virtually unknown just a few weeks ago. Today, it is all over the internet, with articles about ...",https://www.psychologytoday.com/us/blog/the-science-behind-behavior/201911/3-psychological-drawbacks-the-popularity-ok-boomer
"9 People That Prove ""OK Boomer"" Should Really Be ""Thank ...","6 days ago - Millennials and Gen Zers should probably consider the contributions made by Baby Boomers before saying, ""OK Boomer.""",https://interestingengineering.com/9-people-that-prove-ok-boomer-should-really-be-thank-you-boomer
"Boomer Consulting, Inc.","We Guide CPA Firms to Sustainable Success and Future Readiness. Start excelling in the five areas critical to your firm's success: Leadership, Talent, Growth, ...",https://www.boomer.com/
Baby Boomers | Pew Research Center,"Millennials lead on some technology adoption measures, but Boomers and ... Baby Boomers are staying in the labor force at rates not seen in generations for ...",https://www.pewresearch.org/topics/baby-boomers/
Boomer – Lasell University,"Why we are the Lasers... From our earliest beginnings in the nineteenth century when the lamp of knowledge was emblazoned on our University seal, to the one ...",https://www.lasell.edu/athletics/boomer.html
Boomer Dog Bowl | YETI,Shop the Boomer 8 YETI Dog Bowl and the rest of the YETI outdoor gear catalogue now.,https://www.yeti.com/en_US/more-gear/boomer-8-dog-bowl/YB8DB.html
Ok Boomer : gatekeeping - Reddit,17 hours ago - r/gatekeeping: Gatekeeping is when someone takes it upon themselves to decide who does or does not have access or rights to a community ...,https://www.reddit.com/r/gatekeeping/comments/e8q5ie/ok_boomer/
Boomer Pizza,"l · f. ORDER ONLINE; MEDIA · MENU · ABOUT. 14039 EDGEWOOD DRIVE BAXTER, MN 56425 218-454-4900. MONDAY: CLOSED TUESDAY--THURSDAY: ...",http://boomerpizza.com/
Boomer's Live and Loaded - Boomtown New Orleans,"Bring your friends - and meet new ones - at Boomer's Live and Loaded. With no cover and no drink minimums, this is the place in New Orleans for live ...",https://www.boomtownneworleans.com/entertainment/shows-and-events/boomers-live-and-loaded/
Boomer Pass - Sugarbush Resort,Save BIG with Sugarbush's Boomer Midweek Pass. Ski and ride every Monday through Friday (non-holiday) at Lincoln Peak and Mt. Ellen.,https://www.sugarbush.com/season-passes/boomer/
"Cosa vuol dire ""Ok, Boomer"", la frase che state sentendo ...","Nov 8, 2019 - Per farvi capire di che stiamo parlando vado a ritroso fino al primissimo “Ok, Boomer” mai usato nella storia dell'umanità (per così dire).",https://www.esquire.com/it/news/attualita/a29730136/ok-boomer-cosa-vuol-dire/
'OK Boomer' Phrase Says More About the Kids Than About Us ...,"Nov 7, 2019 - As a baby boomer myself, I have mixed feelings about the latest linguistic weapon of generational warfare being deployed against us. Am I OK ...",https://www.bloomberg.com/opinion/articles/2019-11-07/-ok-boomer-phrase-says-more-about-the-kids-than-about-us-boomers
“OK Boomer” escalated quickly — a reddit+BigQuery report,"Apr 12, 2018 - Let's use BigQuery to find the first time that someone commented “OK Boomer” on reddit. Turns out it happened hours and even years before ...",https://towardsdatascience.com/ok-boomer-escalated-quickly-a-reddit-bigquery-report-34133b286d77
"Boomers, Gen X, Gen Y, and Gen Z Explained - Kasasa","Apr 22, 2019 - Millennials are out of college and that life stage is now dominated by Gen Z. ... Gen X: Gen X was born between 1965 - 1979 and are currently between 40-54 years old (82 million people in U.S.) Gen Y: Gen Y, or Millennials, were born between 1980 and 1994.",https://www.kasasa.com/articles/generations/gen-x-gen-y-gen-z
Boomer Bust?: Economic and Political Issues of the Graying ...,Can communities modify transportation and housing policies to accommodate the needs and desires of aging boomers? • Will there be a geriatric labor force in ...,https://books.google.com/books?id=3YAY8_8eW7gC&pg=PR9&lpg=PR9&dq=boomer&source=bl&ots=4s9Gg6MgYx&sig=ACfU3U347TH-WjGdj4dkM2mAjNUB0mqnJA&hl=en&ppis=_c&sa=X&ved=2ahUKEwiIs_fV8KzmAhUKvlkKHcHbAW04RhDoATABegQIChAB
"Laura A Boomer, MD - Children's Hospital of Richmond","Laura A Boomer, MD ... Score here. January 2019. She is awesome dr. June 2018. She is the best doctor. June 2018. Dr. Boomer is a great and caring doctor.",https://www.chrichmond.org/find-a-provider/find-a-provider?id=3656
The popularity of 'ok boomer' may well just 'ok boomerang ...,"Nov 20, 2019 - The phrase “ok boomer” is everywhere these days. It's popping up in the halls of New Zealand parliament, Fox is applying to trademark it, and ...",https://news.northeastern.edu/2019/11/20/heres-how-ok-boomer-is-and-isnt-like-the-slang-that-came-before-it/
The Baby Boomer– Kabuki Strength,"The Baby Boomer may be half the size of its big brother the Boomstick, but it easily holds its own as a portable and powerful IASTM [Instrument Assisted Soft ...",https://store.kabukistrength.net/products/baby-boomer
Baby boomer YouTube behavior - Think with Google,"Baby boomers, the generation born between the early to mid-1940s and the mid-1960s, came of age in an era before on-demand media. Back then, if you ...",https://www.thinkwithgoogle.com/consumer-insights/baby-boomer-youtube-trends/
Help! My Boomer In-Laws Are Selfish Cheapskates Who Don't ...,"Nov 13, 2019 - Every week, Daniel Mallory Ortberg answers additional questions from readers, just for Slate Plus members. Q. My cheapskate in-laws are ...",https://slate.com/human-interest/2019/11/selfish-baby-boomer-parents-early-retirement-student-debt-advice.html
Baby Boomer Definition - Investopedia,"Jun 27, 2019 - Baby boomer is a term used to describe a person who was born between 1946 and 1964. The baby boomer generation makes up a substantial ...",https://www.investopedia.com/terms/b/baby_boomer.asp
"Jobs: Baby boomers, older workers may block millennials ...","Nov 7, 2019 - Baby boomers are putting off retirement and that may be making it harder for millennials and Gen Xers to get promoted: USA TODAY/LinkedIn ...",https://www.usatoday.com/story/money/2019/11/07/jobs-baby-boomers-older-workers-may-block-millennials-careers/4170836002/
The Baby Boomer Generation and the Birth Cohort of 1945-1954,Young Foundation Fellow Jim Ogg gave a working paper during the ESRC Social Science Week in March 2006 on the European Baby Boomer Generation:.,https://youngfoundation.org/publications/the-baby-boomer-generation-and-the-birth-cohort-of-1945-1954-a-european-perspective/
The Boomer List | About the Film | American Masters | PBS,"Sep 23, 2014 - From the time of its birth, the baby boomer generation (1946-1964) has significantly and uniquely changed our world. 2014 marks an important ...",http://www.pbs.org/wnet/americanmasters/the-boomer-list-preview-the-film/3123/
"Boomers! - Golf, Go Karts & More!","Family Entertainment Center: Go Karts, Miniature Golf, Games and More.",http://www.boomersparks.com/
BBHQ: What's a Boomer? - Baby Boomer HeadQuarters,"Glad you asked. Stated very simply, the demographers, sociologists and the media define baby boomers as those born between (and including) 1946 and 1964.",https://www.bbhq.com/whatsabm.htm
"Daily Cartoon: Tuesday, November 19th | The New Yorker","Nov 19, 2019 - Sara Lautman's Daily Cartoon shows a dog named Boomer enjoying the best week of his life during a viral Internet craze.",https://www.newyorker.com/cartoons/daily-cartoon/tuesday-november-19th-ok-boomer
"If You Don't Know What 'OK Boomer' Means, You'd Better ... - Inc.","Oct 30, 2019 - If You Don't Know What 'OK Boomer' Means, You'd Better Read This (Or Else Get a Young Person to Explain) ...",https://www.inc.com/bill-murphy-jr/if-you-dont-know-what-ok-boomer-means-youd-better-read-this-or-else-get-a-young-person-to-explain.html
Boomer to the rescue: Jokowi says 'forgive' millennial staffer ...,"Dec 2, 2019 - In a now-deleted tweet, Billy used the term kubu sebelah (the other camp). The term was part of partisan discourse in the 2019 presidential ...",https://www.thejakartapost.com/news/2019/12/02/boomer-to-the-rescue-jokowi-says-forgive-millennial-staffer-because-hes-still-young.html
"'Boomer', 'planepooling' and 'jagger' are among the 19 ...",12 hours ago - The organisation of the Van Dale's Great Dictionary of the Dutch Language has nominated 19 words that gained popularity in 2019 to become ...,https://www.brusselstimes.com/all-news/belgium-all-news/83008/boomer-planepooling-and-jagger-are-among-the-19-nominees-for-word-of-the-year-in-flanders/
Budget Buster: The Boomers are OK | Stuff.co.nz,"Nov 10, 2019 - OPINION: Two devastating little words that cut the older generation down at their arthritic knees: ""OK boomer"". I'm sure this meme will be long ...",https://www.stuff.co.nz/business/money/117253930/budget-buster-the-boomers-are-okay
boomer - Insured Retirement Institute,"Apr 1, 2019 - Boomer Expectations for Retirement 2019. Percentage of boomers who believe their retirement savings will last. Percentage of boomers who ...",https://www.myirionline.org/research/research-detail-view/boomer-expectations-for-retirement-2019
Boomer Dominance Means More of the Same in the 114th ...,"Jan 5, 2015 - During the past two decades, Baby Boomers (born 1946-1964) first shaped and eventually dominated both the way Congress operates and its ...",https://www.brookings.edu/blog/fixgov/2015/01/05/boomer-dominance-means-more-of-the-same-in-the-114th-congress/
Katz JCC Boomer Programming and Events,"The Katz JCC has a variety of programs, special events and different volunteer options for the Boomer generation in the South Jersey community.",https://katzjcc.org/boomer-programming/
Boomer!! | 94.9 Star Country,"Boomer has been a part of the Star Country morning show since 2011. Boomer and his wife, Jodie, have a teenage daughter whom he enjoys embarrassing as ...",http://www.949starcountry.com/boomer
"Ok boomer, stop calling us the strawberry generation. We ...","5 days ago - “Strawberry Generation.” My response? “Ok boomer.” But now a newfangled term shook my unflinching, uncaring core; yes, it affected me that ...",https://mothership.sg/2019/12/boomer-strawberry-generation-moments-of-life/
"Everyday Ageism: FEMAIL columnist CHRISTA D'SOUZA, 59 ...","6 days ago - Christa D'Souza, 59, revealed her thoughts on the phrase 'OK Boomer' being used to patronise Baby Boomers. FEMAIL columnist praises the ...",https://www.dailymail.co.uk/femail/article-7757551/Everyday-Ageism-FEMAIL-columnist-CHRISTA-DSOUZA-59-argues-OK-Boomer-insult.html
"Let's cancel 'OK Boomer' in 2020, and the humblebrag, too","4 days ago - New York – Either loudly sing your own praises or don't in the new year, but let's leave the humble brag behind, along with a few other ...",https://www.detroitnews.com/story/entertainment/2019/12/06/cancel-ok-boomer-humblebrag/40773645/
"'OK, boomer'? Pay the bills, support a family, then we'll talk ...","Dec 1, 2019 - A recent op-ed in the Princeton University student paper The Daily Princetonian takes issue with criticism of the trendy phrase “OK, boomer.”.",https://www.thecollegefix.com/ok-boomer-pay-the-bills-support-a-family-then-well-talk/
"Fox Tries to Trademark ""OK Boomer"" Meme For New Reality ...","Nov 19, 2019 - Nothing kills a meme faster than having it breach the consciousness of baby boomers and corporations. Which has now happened with viral ...",https://www.themarysue.com/fox-trademark-ok-boomer-meme-reality-show/
Facebook users sign up to event calling to chant 'OK boomer ...,"5 days ago - Thousands of Facebook users have signed up to an event calling to chant “OK, boomer” at the UK Prime Minister on polling day. The event ...",https://www.breakingnews.ie/discover/facebook-users-sign-up-to-event-calling-to-chant-ok-boomer-at-boris-johnson-968733.html
« OK boomer » : le cri de ralliement d'une génération,"Nov 18, 2019 - Pour le faire taire, la jeune députée a alors prononcé une formule aussi cinglante que lapidaire : « OK, boomer ». « Mon commentaire au ...",https://www.lemonde.fr/m-le-mag/article/2019/11/18/cause-toujours-baby-boomeur_6019520_4500055.html
OK Boomer: About Healthcare… - Tincture,"Oct 29, 2019 - I am, for better and for worse, a Baby Boomer. We're the rock-and-roll generation, the generation that challenged authority, the generation that ...",https://tincture.io/ok-boomer-about-healthcare-83e7234d367a
Fixing the 'OK Boomer' attitude | The Star Online,"Dec 2, 2019 - “OK Boomer”, a disparaging reference to members of the Baby Boomer generation used by millennials, has been an infamous trending phrase ...",https://www.thestar.com.my/opinion/letters/2019/12/02/fixing-the-ok-boomer-attitude
New Zealand Green Party MP Dropped 'OK Boomer' In ... - Time,"Nov 6, 2019 - The decisive rise of the “OK Boomer” meme continues. On Monday, an MP from New Zealand's Green Party, 25-year-old Chlöe Swarbrick, ...",https://time.com/5719674/ok-boomer-new-zealand/
"""OK, boomer"": la venganza de la Generación Z hacia los ...","Nov 19, 2019 - Quieres que alguien mayor se enfade con solo usar dos palabras? Dile OK, boomer .",https://verne.elpais.com/verne/2019/11/18/articulo/1574078970_990556.html
Baby Boomers,Who Remembers Party Lines? Motivational. Medicine and Miracles—A Healing Story for our Troubled Ti... Nostalgia. A Salute to the Boomers This Labor Day.,http://www.babyboomers.com/
Will the Boomers Cause a Financial Bust? | The Walrus,"Apr 9, 2019 - For the first time in their history, baby boomers are now outnumbered by another generation. When Canadians head to the polls in October, ...",https://thewalrus.ca/will-the-boomers-cause-a-financial-bust/
"Gen Z's 'OK, Boomer' insult may become a TV show","Nov 21, 2019 - “OK, Boomer” has become the hottest clapback of the moment — and now it's set to become a show. Fox Media has made a trademark ...",https://nypost.com/2019/11/21/gen-zs-ok-boomer-meme-may-become-a-tv-show/
Rudy Giuliani's Twitter Feed Is a Boomer Conspiracy-Theory ...,"Oct 17, 2019 - The president's lawyer has baffled a lot of people with his recent behavior. Perhaps his social-media habits can explain why.",https://www.thedailybeast.com/rudy-giulianis-twitter-feed-is-a-boomer-conspiracy-theory-shtshow
Can You Pass this Boomer Test? - Quizzes,"Ok boomer. ... Can You Pass this Boomer Test? Ok boomer. Rachel McMahon. Created By Rachel McMahon. On Nov 21, 2019 ...",https://www.playbuzz.com/brightynevans10/can-you-pass-this-boomer-test
Millennials vs. boomers: the US generational wealth gap ...,"5 days ago - When boomers were roughly the same age as millennials are now, they owned about 21% of America's wealth, compared to millennials' 3% ...",https://www.businessinsider.com/millennials-less-wealth-net-worth-compared-to-boomers-2019-12
Star Boomer's remains not found at investigation dig site ...,"4 days ago - Hope has faded that a new tip will lead to the remains of Star Boomer, the Kansas City, Kansas, mother who has been missing for 20 years. A tip led police to an old lot where they have been digging all week hoping to find answers, but officials said Friday that was not the case.",https://www.kctv5.com/news/investigations/star-boomer-s-remains-not-found-at-investigation-dig-site/article_5bca2e70-187d-11ea-a696-a786db59f862.html
Baby boomer baby names that have gone out of style - Alton ...,2 days ago - Some names seem so ubiquitous that it is hard to imagine that they will ever be anything other than everywhere in the popular consciousness.,https://www.thetelegraph.com/lifestyle/article/Baby-boomer-baby-names-that-have-gone-out-of-style-14894282.php
"“Ok, boomer” isn't exacerbating the generational divide | The ...","Nov 25, 2019 - The Washington Post recently published an article entitled “The problem with 'OK, boomer,'” in which author Holly Scott argues that historically, ...",http://www.dailyprincetonian.com/article/2019/11/ok-boomer-isnt-exacerbating-the-generational-divide
This boomer is OK with 'OK boomer' - Hartford Courant,"Nov 16, 2019 - The fact is that neither my people nor the people flipping us off with OK, boomer want to own the existential fear of seeing ourselves in each ...",https://www.courant.com/opinion/op-ed/hc-op-riordan-ok-boomer-1116-20191116-nytkizeoxjgy3pelgr5jkcuabe-story.html
"The Boomer's Guide to Aging Parents, Vol. 7, How To Handle ...","AgingParents.com Resources To learn more about The Boomer's Guide forAging Parents eBook series, and other valuable resources, please visit our website at ...",https://books.google.com/books?id=rZ7MAgAAQBAJ&pg=PA40&lpg=PA40&dq=boomer&source=bl&ots=N7M_gtH5pY&sig=ACfU3U0r2zet2yLVLdYsm6yYFDXn7Gsi9w&hl=en&ppis=_c&sa=X&ved=2ahUKEwium_Dr8KzmAhWJuVkKHSZxCEQ4bhDoATAEegQIChAB
Boomer Benefits Medicare Supplements | Medicare Help,Boomer Benefits specializes in Medicare supplement and Medicare Advantage insurance. Find out why Baby Boomers love our agency which offers free claims ...,https://boomerbenefits.com/
'OK Boomer': Champlain College Student Behind Remix Of ...,"Nov 14, 2019 - A month ago, Champlain College sophomore Peter Kuli was in his dorm room, messing around with a friend's rap song about baby boomer ...",https://www.vpr.org/post/ok-boomer-champlain-college-student-behind-remix-viral-gen-z-comeback
How Boomers Ruined American Judaism – Tablet Magazine,"Nov 21, 2019 - At this point, the boomers usually like to start telling their life stories. They were born on Long Island or in Shaker Heights or somewhere in the ...",https://www.tabletmag.com/jewish-news-and-politics/294499/how-boomers-ruined-american-judaism
The real meaning of 'OK Boomer' - spiked,"Nov 13, 2019 - Over the past few weeks, the 'OK Boomer' meme has gone viral, leading to an offline epidemic of earnest commentary. The whippersnappers of ...",https://www.spiked-online.com/2019/11/13/the-real-meaning-of-ok-boomer/
'OK Boomer!' A Planted Tool By Neo-Bolsheviks To Demonize ...,2 days ago - 'OK Boomer!' A Planted Tool By Neo-Bolsheviks To Demonize Elders Harkening Back To Communist Revolutions. Communist Tactics Don't ...,https://creativedestructionmedia.com/opinion/2019/12/09/ok-boomer-a-planted-tool-by-neo-bolsheviks-to-demonize-elders-harkening-back-to-communist-revolutions/
Baby boomer baby names that have gone out of style,10 hours ago - Think a popular name is bound to stick around forever? Think again with a look at 50 baby boomer names no one is naming their child any ...,https://www.msn.com/en-au/lifestyle/familyandrelationships/baby-boomer-baby-names-that-have-gone-out-of-style/ss-AAJZXom
'OK boomer': 25-year-old New Zealand MP uses viral term in ...,"Nov 7, 2019 - In internet parlance, ""OK boomer"" is a derogatory phrase used primarily by the next generations to show their indignation towards older people ...",https://www.bbc.co.uk/news/world-asia-50327034
"“Ok, Boomer” Not Okay in the Workplace - Lexology","1 day ago - The phrase, “OK, Boomer” has increasingly gained popularity among Millennials and Generation Z'ers as a way of dismissing comments or ...",https://www.lexology.com/library/detail.aspx?g=9175663f-54d7-414b-a5cf-b4ca05718ac8
"Don't blame the boomers, it was gen X that sat by and let the ...","Nov 16, 2019 - It's an internet meme, a T-shirt, it was even used by New Zealand's millennial Green Party MP Chlöe Swarbrick to silence a heckler amid a ...",https://www.independent.co.uk/voices/baby-boomers-generation-x-millennials-ok-boomer-politics-a9205466.html
"OK, Boomer | Epsilon Theory","Nov 18, 2019 - To receive a free full-text email of The Zeitgeist whenever we publish to the website, please sign up here. You'll get two or three of these emails ...",https://www.epsilontheory.com/ok-boomer/
"″Ok, Boomer″ - Millennials versus Babyboomer | Kultur ...","Nov 15, 2019 - ""Ok, Boomer"" - in den sozialen Medien, die von der jüngeren Generation dominiert werden, ist dieser Ausdruck seit Monaten ein geflügeltes ...",https://www.dw.com/de/ok-boomer-millennials-versus-babyboomer/a-51232333
"Readers sound off on bail reform, education in prison and ...","22 hours ago - As the “not a Boomer” pulled out her cellphone, I said $10.34. She said thanks. Can't do simple math. Hm, maybe I should have given her my ...",https://www.nydailynews.com/opinion/ny-letter-december-10-20191210-tej4oils35avnmcfs62ksvved4-story.html
"Letters: Boomers not OK with OK, Boomer (11/17/19) – The ...","Nov 17, 2019 - Boomers not OK with OK, Boomer Re: “OK, boomer -- The kids are fighting back,” Nov. 10 commentary.",https://www.denverpost.com/2019/11/17/letters-boomers-not-ok-with-ok-boomer-11-17-19/
You Betcha - Millennial Dads vs Baby Boomer Dads ...,Millennial Dads vs Baby Boomer Dads ‍       ... Boomers Every Morning ☕️ · You Betcha. 5.1M views · November 19 ...,https://www.facebook.com/ohhyoubetcha/videos/millennial-dads-vs-baby-boomer-dads-/401529780725516/
Opinion: This baby boomer is for Mayor Pete Buttigieg - San ...,"5 hours ago - Opinion: This baby boomer is for Mayor Pete Buttigieg. By Archie R. Wortham, For the Express-News. Published 7:00 pm CST, Tuesday, ...",https://www.mysanantonio.com/opinion/commentary/article/Opinion-This-baby-boomer-is-for-Mayor-Pete-14896984.php
AARP is the Boomers' media behemoth - Axios,"Nov 12, 2019 - The Boomers' media behemoth. Axios Visuals. AARP, formerly known as The American Association of Retired Persons, is one of the largest ...",https://www.axios.com/the-boomers-media-behemoth-412b5106-f879-477d-806d-6130148956bf.html
5 Reasons Not To Use the Phrase 'Ok Boomer' - Thrive Global,"16 hours ago - Ok Boomer has been floating around the internet since 2015, but in 2019 it has reached an entirely new level of popularity amongst Gen Z, Millennial and Gen X internet users. ... Here are five reasons why we should leave ‘ok Boomer’ in 2019. ... Whilst ageism might not seem harmful in joke ...",https://thriveglobal.com/stories/5-reasons-not-to-use-the-phrase-ok-boomer/
"Purcell: OK, tail-end boomer - Opinion - The Ledger ...","19 mins ago - I don't blame millennials and Gen Z for mocking baby boomers with the trending “OK boomer” meme. I've had my issues with baby boomers, ...",https://www.theledger.com/opinion/20191211/purcell-ok-tail-end-boomer
Ok boomer” syntyi salamaniskusta millenniaalien ... - HS,"Nov 7, 2019 - Ok boomer” on ilmaisu, jonka käyttö leviää internetissä. Ilmaisu vaikuttaa päällisin puolin vitsikkäältä, mutta siihen tiivistyy myös nuorten ...",https://www.hs.fi/nyt/art-2000006299855.html
"OK, Millennial: In defence of Baby Boomers",5 days ago - Boomer women have arguably the strongest grounds on which to feel outrage at the younger generation's accusations of fuddy-duddy-dom.,https://www.smh.com.au/business/the-economy/ok-millennial-in-defence-of-baby-boomers-20191206-p53hgp.html
How the phrase 'OK boomer' suddenly went all over the ... - ABC,"Nov 6, 2019 - You don't have to have been born between 1946 and 1964 to feel confused about the OK boomer phenomenon. Here's how the phrase went ...",https://www.abc.net.au/news/2019-11-07/how-the-phrase-ok-boomer-suddenly-went-all-over-the-internet/11680868
Home - BoomerJacks Grill & Bar,"Your laid-back Dallas Fort Worth sports bar destination for craft kitchen food, cold beers, and wall-to-wall TVs. Visit your favorite BoomerJack's today!",https://boomerjacks.com/
The Big Read: What 'OK boomer' reveals about the divide ...,"4 days ago - The “OK boomer” phenomenon may have originated in the United States, but TODAY's interviews with millennials and boomers in Singapore ...",https://www.todayonline.com/big-read/big-read-what-ok-boomer-reveals-about-divide-between-spore-millennials-and-their-elders
"Cryptocurrencies: The 'OK, Boomer' Reply to the Current ...","Nov 14, 2019 - What looks like a simple internet meme, “OK, Boomer,” may be behind a transformational trend that has been building up over several years as ...",https://beincrypto.com/cryptocurrencies-the-ok-boomer-reply-to-the-current-financial-system/
Hero Politician Shuts Down Heckler With 'OK Boomer' During ...,"Nov 6, 2019 - Chlöe Swarbrick, a member of New Zealand parliament, who dismissed a heckler with “OK Boomer” during her speech Screenshot: Facebook.",https://earther.gizmodo.com/hero-politician-shuts-down-heckler-with-ok-boomer-durin-1839659593
Letters: Ban 'OK Boomer'; Boulder government is frustrating ...,"1 day ago - Does “Hey” or “OK Boomer” have any place at City Council hearings, or any other place in the city? ... The city’s response to the recent storm punctuates my frustration with how we are governed. ... I leap to the top of the bookcase to defend “Breaking Cat News.” ... It is a privilege for ...",http://www.dailycamera.com/ok-boomer-boulder-breaking-cat-news
Germany's OK Boomer Moment | The German Marshall Fund ...,"15 hours ago - The youth wings of Germany's major parties, the center-right Christian Democratic Union (CDU) and center-left Social Democratic Party of ...",http://www.gmfus.org/commentary/germanys-ok-boomer-moment
GHS Strings,"Jeff George has been a longtime artist and friend of GHS, using Guitar Boomers on all of his guitars from day one. We're...Read more · Jeff George ...",https://www.ghsstrings.com/
SLU Professor Argues Generational Labels Like 'Boomer' And ...,"1 day ago - While “the cyclical nature of generational denigration is embedded in our history,” generational labels like “baby boomer” and “millennial” are ...",https://news.stlpublicradio.org/post/slu-professor-argues-generational-labels-boomer-and-millennial-are-misguided
"OK, Boomer. Check out our latest brewpub exclusive ...","Nov 13, 2019 - The story of our newest Rehoboth brewpub exclusive 'OK, Boomer.' begins with the story of Old Man Winter – a colloquialism of the winter ...",https://www.dogfish.com/blog/ok-boomer-check-out-our-latest-brewpub-exclusive
"There's a new 'OK, Boomer' beer brew thanks to Dogfish Head ...","5 days ago - The ""OK, Boomer"" brew at Dogfish Head Brewery is made with cinnamon, ginger, cardamom, star anise, house-toasted walnut flour, and kiln ...",https://www.insider.com/ok-boomer-beer-brew-thanks-to-dogfish-head-brewery-2019-12
Blockchain Boomers — The Next Wave of Retail Investors ...,"Among certain internet investment communities, 'boomers' have become both an ironic meme, and the struggling millennial's financial bogeymen. But with ...",https://hackernoon.com/blockchain-boomers-d665ac73607e
Twitter users lampoon baby boomers with parody movie titles ...,"7 hours ago - It looks like ""OK, Boomer"" jokes aren't going out of style anytime soon. The internet's favorite refrain for poking fun at folks born between 1946 ...",https://www.sfgate.com/twitter/article/ok-boomer-twitter-movie-puns-14896382.php
"Oh, how the tables have turned: 'Ok Boomer' rage may be ...","Nov 14, 2019 - You'd think Boomers — given all the contempt they've expressed against younger generations — would better handle a jab or two being ...",https://nationalpost.com/entertainment/oh-how-the-tables-have-turned-ok-boomer-rage-may-be-more-about-fear-of-mortality-than-wounded-ego
"OK, BOOMER! | Doppiozero","2 days ago - “Ok, boomer!” si è sentito rispondere sarcasticamente un anziano deputato neozelandese qualche settimana fa dalla sua giovane collega ...",https://www.doppiozero.com/rubriche/610/201912/ok-boomer
The Gray Fox and The Boomer 9-28-19 - Omny.fm,1 day ago - More from Gray Fox and the Boomer. Investment advice from the men who started financial education in Northeast Ohio.,https://omny.fm/shows/gray-fox-and-the-boomer/the-gray-fox-and-the-boomer-9-28-19
Baby Boomer Travelers: What Marketers Need to Know ...,"10 hours ago - In their rush to court younger consumers, travel marketers sometimes overlook an important demographic: baby boomers. Members of this ...",https://www.hotel-online.com/press_releases/release/baby-boomer-travelers-what-marketers-need-to-know-infographic/
Forum thread: ok boomer | HLTV.org,"its good tbh i like calling old 25 year olds in csgo boomers when they say something retarded or make some putrid noise, they deserve the title ...",https://www.hltv.org/forums/threads/2203507/ok-boomer
"""Ok boomer"", ""les boules ne sont pas que sur le sapin"" : la ...","14 hours ago - Sixième jour de grève, deuxième grande manifestation. À Paris comme dans les grandes villes de France, ce mardi est un jour de mobilisation ...",https://www.franceinter.fr/societe/ok-boomer-les-boules-ne-sont-pas-que-sur-le-sapin-la-manif-sur-les-retraites-en-pancartes
Boomer | The First Podcast Wiki | FANDOM powered by Wikia,"A boomer is one of the following: A member of the Baby Boomer generation, a demographic cohort comprising approximately those born between 1945 and ...",https://thefirstpodcast.fandom.com/wiki/Boomer
New studies into loneliness shed light on whether Baby ...,16 hours ago - Baby Boomers aren't lonelier than similarly aged adults in previous generations were at their age.,https://abcnews.go.com/International/baby-boomers-lonelier-previous-generations/story?id=67597437
'OK boomer' is the most important meme of my generation ...,"Nov 13, 2019 - 'OK boomer' is a powerful weapon, and as Uncle Ben told Peter Parker: 'With great power, comes great responsibility.' Use it, but use it wisely.",https://spectator.us/ok-boomer-most-important-meme-generation/
"“Ok, Boomer” Not Okay in the Workplace | Akerman LLP - HR ...","14 hours ago - The phrase, “OK, Boomer” has increasingly gained popularity among Millennials and Generation Z'ers as a way of dismissing comments or ...",https://www.jdsupra.com/legalnews/ok-boomer-not-okay-in-the-workplace-74930/
Klimaatspijbelaar? Boomer? Wat wordt het woord van het jaar ...,14 hours ago - Vanaf vandaag kan er weer worden gestemd op het Woord van het Jaar van Van Dale. Op dinsdag 17 december weten we of het ...,https://www.rtlnieuws.nl/editienl/artikel/4950786/woord-van-het-jaar-2019-van-dale-bezorgschaamte-toetertrouwstoet-boomer
"The Power Line Show, Ep. 157: OK Boomer: Let's Cross the ...","3 days ago - This episode is either an excursion into intergenerational conflict, or the pilot for a 21st century version of The Odd Couple, where Oscar and ...",https://www.powerlineblog.com/archives/2019/12/the-power-line-show-ep-157-ok-boomer-lets-cross-the-streams-is-reagan-relevant-to-millennials.php
Here's How Big the Boomer-Millennial Wealth Gap Is - Barron's,"5 days ago - Millennials may feel a big chill after viewing one economist’s chart. ... When baby boomers hit a median age of 35 back in 1990, they owned 21% of the country’s wealth. ... Yet the large amount of student debt millennials hold is a significant drag on their finances. The wealth disparity is ...",https://www.barrons.com/articles/heres-how-big-the-boomer-millennial-wealth-gap-is-51575586317
"As a baby boomer, I didn't grow up with this culture of ...","10 hours ago - I am, yes, a baby boomer. From reading your column it seems like lots of people of varying ages seem to believe that they have rights to an ...",https://www.morningstar.com/news/marketwatch/20191210403/as-a-baby-boomer-i-didnt-grow-up-with-this-culture-of-entitlement-must-i-really-leave-my-estate-to-my-children-or-spouse
What does 'OK boomer' mean? | Times2 | The Times,"Oct 31, 2019 - What's the most irritating thing that young people say?Why are you assuming that I'm not young?Are you?No. So the answer to your question is ...",https://www.thetimes.co.uk/article/ok-boomer-meaning-tc38tlrtx
How the baby boomers broke America - POLITICO,"Oct 26, 2019 - How the baby boomers broke America. The most likely outcome in 2020 is that voters will yet again ask a baby boomer to fix what the baby ...",https://www.politico.com/news/2019/10/26/how-the-baby-boomers-broke-america-058122
"Is 'OK Boomer' the 'New N-Word,' or Are Millennials Still ... - FAIR","Nov 8, 2019 - One example is the focus on the “OK boomer” meme, a witty two-word comeback gaining popularity on the internet. “OK boomer” is a pithy, ...",https://fair.org/home/is-ok-boomer-the-new-n-word-or-are-millennials-still-destroying-everything/
"OK, boomers, lighten up and stop taking offence at a cheeky ...","Nov 9, 2019 - New Zealand's youngest MP, Chlöe Swarbrick, 25, caused a flurry of anger this week after deploying the phrase “OK, boomer” to slap down ...",https://www.telegraph.co.uk/news/2019/11/09/ok-boomers-lighten-stop-taking-offence-cheeky-quip/
It's Harder to Buy a House Because Boomers Refuse to Move ...,"Nov 4, 2019 - Ok boomer, can you move already? American homeowners are staying put a lot longer than they used to, The Wall Street Journal reports.",https://money.com/its-much-harder-to-buy-a-house-nowadays-because-boomers-refuse-to-move/
16 Minutes on the News #13: Ok Boomer; Microtransaction ...,"Nov 3, 2019 - News and trends covered this week include the OK Boomer meme, what it means given tech trends around meme-to-merchandise, ecommerce ...",https://a16z.com/2019/11/03/16mins-news-ok-boomer-gaming-microtransaction-fraud/
New Zealand Lawmaker Drops a Devastating 'OK Boomer' on ...,"Nov 7, 2019 - “OK boomer” has hit the highest levels of government. Chlöe Swarbrick, a 25-year-old member of Parliament for New Zealand's Green Party, ...",https://www.vice.com/en_us/article/gyz9e4/new-zealand-lawmaker-drops-a-devastating-ok-boomer-on-a-heckling-colleague
'OK Boomer': MARVEL Launches OUTLAWED Event,13 hours ago - Marvel's teen heroes will face a whole new (but not unique to the publisher) challenge when they're outlawed by the government following a ...,https://www.newsarama.com/48201-marvel-s-teen-heroes-are-outlawed-this-spring.html
2019 Beyond Baby Boomers Survey - Global X Funds,"Aug 9, 2019 - A seismic demographic shift is underway as the Swing and Baby Boomer generations yield to Gen X and Millennials as the engines of earning, ...",https://www.globalxetfs.com/2019-beyond-baby-boomers-survey/
"'Ok Boomer:' Apathy, Anger And The Birth Of A Meme - 1A","Nov 7, 2019 - Creators report orders are flying in for apparel like this shirt, which features the ""ok boomer"" meme. Teepublic. Gen-Z is mobilizing. The weapon ...",https://the1a.org/shows/2019-11-07/ok-boomer-tiktok
Are Baby Boomers Putting Their Millennial Children At ...,"May 14, 2019 - Here & Now's Jeremy Hobson talks with author Joseph C. Sternberg about ""The Theft of a Decade: How the Baby Boomers Stole the ...",https://www.wbur.org/hereandnow/2019/05/14/baby-boomers-millennials
"Millennials cheer New Zealand politician's 'OK, Boomer' remark","Nov 8, 2019 - Wellington | A 25-year-old New Zealand politician's ""OK, Boomer"" response in parliament when heckled by an older colleague is being ...",https://www.afr.com/politics/millennials-cheer-new-zealand-politician-s-ok-boomer-remark-20191108-p538kb
myzhan/boomer: A better load generator for locust ... - GitHub,"A better load generator for locust, written in golang - myzhan/boomer.",https://github.com/myzhan/boomer
'OK boomer': Millennial MP shuts down heckler with viral ...,"Nov 6, 2019 - Young people have a new weapon against seemingly condescending arguments from the baby boomer generation. “OK boomer.”.",https://globalnews.ca/news/6133526/ok-boomer-meaning-chloe-swarbrick/
If You Call Me a “Boomer” You Are Committing a Hate Crime ...,"Nov 5, 2019 - The first time somebody on the internet called me a “boomer,” I checked myself into a hospital for acute psychological trauma. Words have ...",https://www.mcsweeneys.net/articles/if-you-call-me-a-boomer-you-are-committing-a-hate-crime
The boomer supremacy: The dominance of baby boomers is ...,"The dominance of baby boomers is becoming total. Mike Baird, the premier of New South Wales, can't have been prepared for this. Two months ago he was ...",https://www.themonthly.com.au/issue/2016/march/1456750800/richard-cooke/boomer-supremacy
"Expo Baby Boomers | Orlando Boletos, Sab, 05/10/2019 a las ...","Oct 5, 2019 - Eventbrite - ER Events FL presenta Expo Baby Boomers | Orlando - Sábado, 5 de octubre de 2019 en Central Florida Fair, Orlando, FL. Buscar ...",https://www.eventbrite.com/e/expo-baby-boomers-orlando-tickets-66432462283
Baby Boomer – The Gen X Files,Baby Boomer. Copied from Lifecourse.com. The Boom Generation (born 1943–60) grew up as indulged youth during the post-World War II era of ...,https://www.thegenxfiles.com/baby-boomer/
Ice T's Response To Someone Calling Him A Boomer Is The ...,"6 days ago - Ice T's Clapbacks To Being Told ""OK, Boomer"" Are Both Hilarious And True. ""I'm boomin' at THE BANK."" Posted on December 4, 2019, at 11:14 ...",https://www.buzzfeed.com/ehisosifo1/ice-t-twitter-response-clapback-ok-boomer
Ways Millennials and Boomers Date Differently - Baby ...,"1 day ago - For the boomer generation, breakups have traditionally been a fairly official matter—falling just short of a legal documentation of the event.",https://www.redbookmag.com/love-sex/relationships/g30113516/millennials-baby-boomers-dating-differences/
Boomer John,,http://boomerjohn.com/
J.J. Watt tweets 'Ok Boomer' in defense of former Texans punter,3 days ago - Texans star J.J. Watt was attempting to congratulate his former teammate Shane Lechler on the NFL 100 All-Time Team.,https://abc13.com/sports/jj-watt-tweets-ok-boomer-in-defense-of-former-texans-punter/5739051/
"When Baby Boomers die, their homes hit the market. Nowhere ...",4 days ago - A huge number of homes owned by Baby Boomers will sell in the next 20 years. How will the trend affect the Florida housing market?,https://www.tampabay.com/news/real-estate/2019/12/07/when-baby-boomers-die-their-homes-hit-the-market-nowhere-more-than-tampa-bay/
"Dogfish Head Brewery Made A Beer Called ""OK, Boomer""","1 day ago - Dogfish Head Brewery released a beer called ""OK, Boomer"" for the holiday season. It sounds amazing and uses this ubiquitous meme.",https://www.delish.com/food-news/a30172182/ok-boomer-beer-dogfish-head/
Boomer Nation,,http://www.boomer-nation.org/
"Boomer, no!",,https://boomer.no/
"What does “OK boomer” mean? The meme, explained - Vox","Nov 19, 2019 - For a long time now, the cross-generational dialogue between baby boomers and millennials has been built atop several recurring themes.",https://www.vox.com/2019/11/19/20963757/what-is-ok-boomer-meme-about-meaning-gen-z-millennials
boomer - Urban Dictionary,"A person from the baby boomer generation or really anyone who is older than the person using the word, usually used if said person is being annoying or talking ...",https://www.urbandictionary.com/define.php?term=boomer
Baby boomers - Wikipedia,Baby boomers (also known as boomers) are the demographic cohort following the Silent Generation and preceding Generation X. The Baby Boom generation is most often defined as those individuals born between 1946 and 1964.,https://en.wikipedia.org/wiki/Baby_boomers
"""OK, Boomer"": The millennial generation's way of waving ...","3 days ago - My friend, Faith Salie, stirred up a lot of trouble on last week's show with an essay about the phrase ""OK, Boomer,"" the Millennial Generation's ...",https://www.cbsnews.com/news/bill-flanagan-on-the-ok-boomer-controversy/
'OK Boomer' Marks the End of Friendly Generational Relations ...,"Oct 29, 2019 - “Ok boomer” has become Generation Z's endlessly repeated retort to the problem of older people who just don't get it, a rallying cry for millions ...",https://www.nytimes.com/2019/10/29/style/ok-boomer.html
'OK boomer' is dividing generations. What does it mean?,"Nov 6, 2019 - Now that ""OK boomer"" shown up on TikTok, Twitter and in the halls of New Zealand's parliament, we may have a chance to bridge the ...",https://www.nbcnews.com/better/lifestyle/ok-boomer-diving-generation-what-does-it-mean-ncna1077261
"Boomers! - Golf, Go Karts & More!","Family Entertainment Center: Go Karts, Miniature Golf, Games and More.",http://www.boomersparks.com/
An Obituary for 'OK Boomer' - The Atlantic,"Nov 29, 2019 - The meme emerges from some dim, untraceable nativity; to this day, for instance, no one can account for the origins of “OK Boomer.” The meme ...",https://www.theatlantic.com/ideas/archive/2019/11/obituary-ok-boomer/602656/
What Does OK Boomer Mean? - OK Boomer Meme's Origin ...,"Nov 15, 2019 - How did the phrase ""OK Boomer"" go from lighthearted intergenerational ribbing to viral sensation? Here's everything to know about the ...",https://www.goodhousekeeping.com/life/a29811786/ok-boomer-meaning/
Boomers React To OK Boomer Memes - YouTube,OK Boomer Memes reacted to by Boomers. Original links below. Watch Millennials/GenZ React to OK Boomer ...,https://www.youtube.com/watch?v=dYo9QgVqAW8
Boomer | Definition of Boomer by Merriam-Webster,2 : one that joins a rush of settlers to a boom area. 3 : a transient worker (such as a bridge builder). 4 : a person born during a baby boom : baby boomer ...,https://www.merriam-webster.com/dictionary/boomer
"Climate Change Is the Ultimate “OK, Boomer” Issue | The New ...","2 days ago - On a Sunday in November, 170 students filed into the Vermont Statehouse, using the legislature's chambers to talk about the climate crisis and ...",https://newrepublic.com/article/155905/climate-change-ultimate-ok-boomer-issue
"The problem with 'OK, boomer' - The Washington Post","Nov 13, 2019 - “OK, boomer.” The refrain — withering or ironic, depending on whom you ask — has spread like wildfire on social media, even making an ...",https://www.washingtonpost.com/outlook/2019/11/13/problem-with-ok-boomer/
What Does OK boomer Mean? | Slang by Dictionary.com,"Nov 4, 2019 - OK boomer is a viral internet slang phrase used to call out out-of-touch or close-minded opinions associated with the baby boomer generation.",https://www.dictionary.com/e/slang/ok-boomer/
"'OK, Boomer' Vs. 'OK, Millennial': Workplace Nightmare, Or ...","Nov 18, 2019 - Sophie Vershbow has seen her share of ""OK, boomer"" memes in recent weeks. The phrase that's suddenly everywhere is meant to convey a ...",https://www.npr.org/2019/11/18/779783608/-okboomer-vs-okmillennial-workplace-nightmare-or-just-a-meme
How do we move on from 'OK boomer?' - MarketWatch,"Dec 3, 2019 - Boomer blaming, finger pointing and the generational divide: Shouldn't we address the real issues?",https://www.marketwatch.com/story/how-do-we-move-on-from-ok-boomer-2019-12-02
Baby Boomer Definition - Investopedia,"Jun 27, 2019 - Baby boomer is a term used to describe a person who was born between 1946 and 1964. The baby boomer generation makes up a substantial ...",https://www.investopedia.com/terms/b/baby_boomer.asp
American Millennials May Resent the Baby Boomers for ...,"Nov 25, 2019 - American millennials may resent their baby boomer elders for ruining the world, but generational politics in mainland China and Hong Kong ...",https://foreignpolicy.com/2019/11/25/ok-boomer-millennials-resent-ruining-world-generational-politics-mainland-china-hong-kong/
"As baby boomers retire, Main Street could face a tsunami of ...","14 hours ago - Baby boomer business owners, retiring in record numbers, are fueling a dramatic paradigm shift on Main Street, and many are at a crossroads, trying to figure out if they should sell their business or pass it along to a successor. Boomers own 2.34 million small businesses in the ...",https://www.cnbc.com/2019/12/10/as-baby-boomers-retire-main-street-could-face-a-tsunami-of-change.html
OK Boomer | Know Your Meme,"""OK Boomer"" is a dismissive retort often used to disregard or mock Baby Boomers and those who are perceived as old-fashioned and being out-of-touch.",https://knowyourmeme.com/memes/ok-boomer
OK Boomer – Youtooz | Exclusive Collectibles,"The Collectible Back in my day.... OK Boomer is your typical, middle-aged corporate worker. Fresh off the production line, this meme ships wearing a bland ...",https://youtooz.com/products/ok-boomer
"What ""OK Boomer"" Means, Popular Meme Explained","Dec 3, 2019 - ""OK Boomer"" has taken over social media—the response for millennials and Gen Z to their elders has hit the mainstream, and here's everything ...",https://www.oprahmag.com/entertainment/a30088631/ok-boomer-meme-explained/
Millennials vs. boomers: the US generational wealth gap ...,"5 days ago - When boomers were roughly the same age as millennials are now, they owned about 21% of America's wealth, compared to millennials' 3% ...",https://www.businessinsider.com/millennials-less-wealth-net-worth-compared-to-boomers-2019-12
"Generational war? Millennials, boomers choose similar brands","6 days ago - Jif peanut butter is one of the fastest-growing brands among millennials, while baby boomers are discovering the joys of White Claw.",https://www.fastcompany.com/90439354/millennials-are-warming-up-to-some-baby-boomer-lifestyle-choices-and-vice-versa
"OK, Boomer: This Is How To Respond To Gen Z's New Meme","Nov 26, 2019 - OK, Boomer. If you're the target of this new, headline-grabbing phrase, you're supposedly out of touch—whether you're a Baby Boomer or not.",https://www.forbes.com/sites/markcperna/2019/11/26/ok-boomer-this-is-how-to-respond-to-gen-zs-new-meme/
boomer - Wiktionary,"boomer (plural boomers). An adult male kangaroo. (slang, derogatory) A baby boomer. OK, boomer. (2019 Internet meme). Something that makes a booming ...",https://en.wiktionary.org/wiki/boomer
"Let's cancel 'OK Boomer' in 2020, and the humblebrag, too ...","4 days ago - Among them are pop-up shops, cancel culture and the ever-present ""OK Boomer"" retort on social media. With much ado about something, ...",http://komonews.com/news/offbeat/lets-cancel-ok-boomer-in-2020-and-the-humblebrag-too
#boomer hashtag on Twitter,"On Dec 7 @UofOklahoma tweeted: ""That's a wrap! #Boomer!☝️ https://t.co/H.."" - read what others are saying and join the conversation.",https://twitter.com/hashtag/boomer?lang=en
Boomer Dog Bowl | YETI,Shop the Boomer 8 YETI Dog Bowl and the rest of the YETI outdoor gear catalogue now.,https://www.yeti.com/en_US/more-gear/boomer-8-dog-bowl/YB8DB.html
"Boomer Consulting, Inc.","We Guide CPA Firms to Sustainable Success and Future Readiness. Start excelling in the five areas critical to your firm's success: Leadership, Talent, Growth, ...",https://www.boomer.com/
“OK Boomer” Is Just the First Salvo of a Larger Generational ...,"Nov 21, 2019 - Lazy” millennials and “self-absorbed” Gen Zers will soon be asked to cough up trillions to cover the retirements of the boomers who mercilessly ...",https://fee.org/articles/ok-boomer-is-just-the-first-salvo-of-a-larger-generational-showdown/
"Why are Gen Z, millennials using 'OK boomer' to call out baby ...","Oct 31, 2019 - The ""OK, boomer"" phenomenon calls out baby boomers who say younger generations have ""Peter Pan syndrome."" But why are they so peeved ...",https://www.usatoday.com/story/news/nation/2019/10/31/why-gen-z-millennials-using-ok-boomer-baby-boomers/4107782002/
"Saying 'OK boomer' at work might be a bad idea, experts say ...","Nov 21, 2019 - The latest punchline for older folks might be a no-go at work. Some experts think “OK boomer” flies in the face of the Age Discrimination in ...",https://www.charlotteobserver.com/news/nation-world/national/article237643454.html
The Baby Boomer– Kabuki Strength,"The Baby Boomer may be half the size of its big brother the Boomstick, but it easily holds its own as a portable and powerful IASTM [Instrument Assisted Soft ...",https://store.kabukistrength.net/products/baby-boomer
OK BOOMER | Official Merchandise | Bonfire,Official page for @toasterpancakes ok boomer shirts.,https://www.bonfire.com/store/ok-boomer/
OK BOOMER HAVE A TERRIBLE DAY | Bonfire,Official OK BOOMER sweatshirt created by @toasterpancakes on tiktok. Don't let the cold weather stop you from expressing your feelings on boomers! It sure ...,https://www.bonfire.com/ok-boomer-have-a-terrible-day-1/
"OK, Boomer – Grunt Style, LLC","Our Supply Chief wants the room, so these have to go! We have only limited sizes and quantities available Old Man Yells At Cloud. Our Graphic Tees are crafted ...",https://www.gruntstyle.com/products/ok-boomer
"Gen Z's 'OK, Boomer' insult may become a TV show","Nov 21, 2019 - “OK, Boomer” has become the hottest clapback of the moment — and now it's set to become a show. Fox Media has made a trademark ...",https://nypost.com/2019/11/21/gen-zs-ok-boomer-meme-may-become-a-tv-show/
"“Ok, boomer” isn't exacerbating the generational divide | The ...","Nov 25, 2019 - The Washington Post recently published an article entitled “The problem with 'OK, boomer,'” in which author Holly Scott argues that historically, ...",http://www.dailyprincetonian.com/article/2019/11/ok-boomer-isnt-exacerbating-the-generational-divide
"OK Boomer, Who's Going to Buy Your 21 Million Homes? - WSJ","Nov 23, 2019 - Baby boomers are getting ready to sell one quarter of America's homes over the next two decades. The problem is many of these properties are ...",https://www.wsj.com/articles/ok-boomer-whos-going-to-buy-your-21-million-homes-11574485201
Why you shouldn't say 'OK boomer' at work | PBS NewsHour,"Nov 20, 2019 - The phrase “OK boomer” has become a catch-all put-down that Generation Zers and young millennials have been using to dismiss retrograde ...",https://www.pbs.org/newshour/economy/making-sense/why-you-shouldnt-say-ok-boomer-at-work
Boomer Bodysuit - Reformation,"Sure you have to get full naked to pee but whatever. This is a longsleeve bodysuit with a wide neck, center back cutout, and center back twist. The Boomer pairs ...",https://www.thereformation.com/products/boomer-bodysuit
Brewery releases 'OK Boomer' beer: 'Out with the old and in ...,"Youngsters on the internet recently started using the phrase “OK boomer” to disparage older generations. Now, a Delaware brewery is trying to jump on the ...",https://www.foxnews.com/food-drink/dogfish-head-ok-boomer-beer
Boomer Pizza,"l · f. ORDER ONLINE; MEDIA · MENU · ABOUT. 14039 EDGEWOOD DRIVE BAXTER, MN 56425 218-454-4900. MONDAY: CLOSED TUESDAY--THURSDAY: ...",http://boomerpizza.com/
"OK boomer, who's up for a generational showdown ...","Nov 14, 2019 - OK boomer, who's up for a generational showdown? The controversial meme has exposed a deep rift between the young and their elders.",https://www.ft.com/content/52d858a0-06da-11ea-9afa-d9e2401fa7ca
This boomer is OK with 'OK boomer' - Hartford Courant,"Nov 16, 2019 - The fact is that neither my people nor the people flipping us off with OK, boomer want to own the existential fear of seeing ourselves in each ...",https://www.courant.com/opinion/op-ed/hc-op-riordan-ok-boomer-1116-20191116-nytkizeoxjgy3pelgr5jkcuabe-story.html
'OK Boomer': MARVEL Launches OUTLAWED Event,13 hours ago - Marvel's teen heroes will face a whole new (but not unique to the publisher) challenge when they're outlawed by the government following a ...,https://www.newsarama.com/48201-marvel-s-teen-heroes-are-outlawed-this-spring.html
'OK Boomer' Captures Tension. But Must It Be So Dismissive ...,"Nov 21, 2019 - The 'OK Boomer' meme captures the tension between the young and old. But is it fair to be so dismissive?",https://time.com/5735423/ok-boomer-meme-fair/
Fox filed 'OK boomer' trademark application for TV show - CNN,"Nov 18, 2019 - OK, boomer. Ready for a trademark application war? Its growing popularity has led to a number of trademark applications that have been filed ...",https://www.cnn.com/2019/11/18/entertainment/ok-boomer-fox-trademark-trnd/index.html
Baby boomer baby names that have gone out of style - San ...,2 days ago - Some names seem so ubiquitous that it is hard to imagine that they will ever be anything other than everywhere in the popular consciousness.,https://www.mysanantonio.com/lifestyle/article/Baby-boomer-baby-names-that-have-gone-out-of-style-14894282.php
"Dogfish Head Brewery Made A Beer Called ""OK, Boomer""","1 day ago - Dogfish Head Brewery released a beer called ""OK, Boomer"" for the holiday season. It sounds amazing and uses this ubiquitous meme.",https://www.delish.com/food-news/a30172182/ok-boomer-beer-dogfish-head/
SLU Professor Argues Generational Labels Like 'Boomer' And ...,"1 day ago - While “the cyclical nature of generational denigration is embedded in our history,” generational labels like “baby boomer” and “millennial” are ...",https://news.stlpublicradio.org/post/slu-professor-argues-generational-labels-boomer-and-millennial-are-misguided
"OK, Boomer. Check out our latest brewpub exclusive ...","Nov 13, 2019 - The story of our newest Rehoboth brewpub exclusive 'OK, Boomer.' begins with the story of Old Man Winter – a colloquialism of the winter ...",https://www.dogfish.com/blog/ok-boomer-check-out-our-latest-brewpub-exclusive
'OK boomer!' The insult of the year is about to become a TV ...,"Nov 20, 2019 - That phrase is 'OK boomer'. For the uninitiated, 'OK boomer' has quickly become the defining meme of 2019; an offhanded putdown directed ...",https://www.theguardian.com/tv-and-radio/2019/nov/20/ok-boomer-the-insult-of-the-year-is-about-to-become-a-tv-show
"If You Don't Know What 'OK Boomer' Means, You'd Better ... - Inc.","Oct 30, 2019 - If You Don't Know What 'OK Boomer' Means, You'd Better Read This (Or Else Get a Young Person to Explain) ...",https://www.inc.com/bill-murphy-jr/if-you-dont-know-what-ok-boomer-means-youd-better-read-this-or-else-get-a-young-person-to-explain.html
Letters: Ban 'OK Boomer'; Boulder government is frustrating ...,"1 day ago - Does “Hey” or “OK Boomer” have any place at City Council hearings, or any other place in the city? ... The city’s response to the recent storm punctuates my frustration with how we are governed. ... I leap to the top of the bookcase to defend “Breaking Cat News.” ... It is a privilege for ...",http://www.dailycamera.com/ok-boomer-boulder-breaking-cat-news
Germany's OK Boomer Moment | The German Marshall Fund ...,"15 hours ago - The youth wings of Germany's major parties, the center-right Christian Democratic Union (CDU) and center-left Social Democratic Party of ...",http://www.gmfus.org/commentary/germanys-ok-boomer-moment
"Readers sound off on bail reform, education in prison and ...","22 hours ago - As the “not a Boomer” pulled out her cellphone, I said $10.34. She said thanks. Can't do simple math. Hm, maybe I should have given her my ...",https://www.nydailynews.com/opinion/ny-letter-december-10-20191210-tej4oils35avnmcfs62ksvved4-story.html
'OK Boomer' Phrase Says More About the Kids Than About Us ...,"Nov 7, 2019 - As a baby boomer myself, I have mixed feelings about the latest linguistic weapon of generational warfare being deployed against us. Am I OK ...",https://www.bloomberg.com/opinion/articles/2019-11-07/-ok-boomer-phrase-says-more-about-the-kids-than-about-us-boomers
'OK boomer': 25-year-old New Zealand MP uses viral term in ...,"Nov 7, 2019 - In internet parlance, ""OK boomer"" is a derogatory phrase used primarily by the next generations to show their indignation towards older people ...",https://www.bbc.com/news/world-asia-50327034
Ok Boomer : gatekeeping - Reddit,17 hours ago - r/gatekeeping: Gatekeeping is when someone takes it upon themselves to decide who does or does not have access or rights to a community ...,https://www.reddit.com/r/gatekeeping/comments/e8q5ie/ok_boomer/
The Boomer List | Newseum,"Schedule changes: June 20, 2015: Showing at 10:00 a.m. only. From the time of its birth, the baby boomer generation (1946-1964) has significantly and ...",https://www.newseum.org/event/the-boomer-list/
Boomer Bond | DRCOG,The Denver region is experiencing unprecedented growth in the region's aging population. DRCOG's Boomer Bond initiative is helping local governments ...,https://drcog.org/services-and-resources/boomer-bond
Here's How Big the Boomer-Millennial Wealth Gap Is - Barron's,"5 days ago - Millennials may feel a big chill after viewing one economist’s chart. ... When baby boomers hit a median age of 35 back in 1990, they owned 21% of the country’s wealth. ... Yet the large amount of student debt millennials hold is a significant drag on their finances. The wealth disparity is ...",https://www.barrons.com/articles/heres-how-big-the-boomer-millennial-wealth-gap-is-51575586317
boomer (noun) definition and synonyms | Macmillan Dictionary,"Define boomer (noun) and get synonyms. What is boomer (noun)? boomer (noun) meaning, pronunciation and more by Macmillan Dictionary.",https://www.macmillandictionary.com/us/dictionary/american/boomer
Baby Boomers: The Ultimate Boomer Generation Guide,Understanding the Baby Boomers The term Baby Boomer pertains to the people who was born during the soaring of birth rates just as the economy continuously ...,https://books.google.com/books?id=pTg_DgAAQBAJ&pg=PT48&lpg=PT48&dq=boomer&source=bl&ots=STasIZ0JYJ&sig=ACfU3U0FHNlJD1zUe4QBVpB-MOpGIQR8Hg&hl=en&ppis=_c&sa=X&ved=2ahUKEwj6uKzl8azmAhUHt54KHS3DDpY4RhDoATADegQICRAB
"There's a new 'OK, Boomer' beer brew thanks to Dogfish Head ...","5 days ago - The ""OK, Boomer"" brew at Dogfish Head Brewery is made with cinnamon, ginger, cardamom, star anise, house-toasted walnut flour, and kiln ...",https://www.insider.com/ok-boomer-beer-brew-thanks-to-dogfish-head-brewery-2019-12
A Boomer's Guide to Grandparenting,"So, what kind of nanas and papas will we boomers be? We might be the most self-absorbed, materialistic, spoiled generation of the previous millennium, but ...",https://books.google.com/books?id=_di7yIxM-dIC&pg=PA12&lpg=PA12&dq=boomer&source=bl&ots=CYOO2Xcfxz&sig=ACfU3U12YwnQAURrJmWamGPFp3Y41nzlEg&hl=en&ppis=_c&sa=X&ved=2ahUKEwj6uKzl8azmAhUHt54KHS3DDpY4RhDoATAHegQIChAB
Boomer Reinvention: How to Create Your ... - Amazon.com,"Editorial Reviews. Review. ""As John Tarnoff shows, the makings of your second act -one filled with meaning and purpose -are already there. And with this ...",https://www.amazon.com/Boomer-Reinvention-Create-Dream-Career-ebook/dp/B01N6L4FQF
Ways Millennials and Boomers Date Differently - Baby ...,"1 day ago - For the boomer generation, breakups have traditionally been a fairly official matter—falling just short of a legal documentation of the event.",https://www.redbookmag.com/love-sex/relationships/g30113516/millennials-baby-boomers-dating-differences/
You Betcha - Millennial Dads vs Baby Boomer Dads ...,Millennial Dads vs Baby Boomer Dads ‍       ... Boomers Every Morning ☕️ · You Betcha. 5.1M views · November 19 ...,https://www.facebook.com/ohhyoubetcha/videos/millennial-dads-vs-baby-boomer-dads-/401529780725516/
J.J. Watt tweets 'Ok Boomer' in defense of former Texans punter,3 days ago - Texans star J.J. Watt was attempting to congratulate his former teammate Shane Lechler on the NFL 100 All-Time Team.,https://abc13.com/sports/jj-watt-tweets-ok-boomer-in-defense-of-former-texans-punter/5739051/
Baby Boomers | Pew Research Center,"Millennials lead on some technology adoption measures, but Boomers and ... Baby Boomers are staying in the labor force at rates not seen in generations for ...",https://www.pewresearch.org/topics/baby-boomers/
Boomer.org Home Page,Boomer.org Home Page. Pharmacokinetic Resources on this site. Basic and Advanced Pharmacokinetics Courses · Boomer Non-Linear Regression Program.,https://www.boomer.org/
"Let's cancel 'OK Boomer' in 2020, and the humblebrag, too ...","4 days ago - Among them are pop-up shops, cancel culture and the ever-present “OK Boomer” retort on social media. With much ado about something, ...",https://www.mprnews.org/story/2019/12/06/lets-cancel-ok-boomer-in-2020-and-the-humblebrag-too
"9 People That Prove ""OK Boomer"" Should Really Be ""Thank ...","6 days ago - Millennials and Gen Zers should probably consider the contributions made by Baby Boomers before saying, ""OK Boomer.""",https://interestingengineering.com/9-people-that-prove-ok-boomer-should-really-be-thank-you-boomer
"Be Careful, Millennials: Saying 'OK Boomer' Could Get You In ...","Nov 26, 2019 - I entered this world in 1965, so I'm not ""officially"" a baby boomer, which is the generation loosely defined as having been born between 1946 ...",https://www.entrepreneur.com/article/343026
"'OK, boomer'? Pay the bills, support a family, then we'll talk ...","Dec 1, 2019 - A recent op-ed in the Princeton University student paper The Daily Princetonian takes issue with criticism of the trendy phrase “OK, boomer.”.",https://www.thecollegefix.com/ok-boomer-pay-the-bills-support-a-family-then-well-talk/
"Boomer Blaming, Finger Pointing and the Generational Divide","Nov 26, 2019 - Where do we go after the OK, Boomer finger pointing?",https://www.nextavenue.org/ok-boomer-generational-divide/
"Boomers, Gen X, Gen Y, and Gen Z Explained - Kasasa","Apr 22, 2019 - What separates Generation Y from X, and is Generation Z a thing? Where do Millennials fit? They're in vastly different phases of their financial ...",https://www.kasasa.com/articles/generations/gen-x-gen-y-gen-z
The Misconception About Baby Boomers and the Sixties | The ...,"Aug 18, 2019 - Louis Menand writes about a cultural misperception about baby boomers and their role in the social and cultural events of the nineteen-sixties.",https://www.newyorker.com/culture/cultural-comment/the-misconception-about-baby-boomers-and-the-sixties
Boomers getting mad at everyone saying 'OK Boomer' makes ...,"Nov 4, 2019 - The phrase 'OK, Boomer' blew up on social media and now actual Boomers are mad that everyone's making fun of them. OK, Boomer.",https://mashable.com/article/ok-boomer-people-mad/
“OK Boomer” escalated quickly — a reddit+BigQuery report,"Apr 12, 2018 - Let's use BigQuery to find the first time that someone commented “OK Boomer” on reddit. Turns out it happened hours and even years before ...",https://towardsdatascience.com/ok-boomer-escalated-quickly-a-reddit-bigquery-report-34133b286d77
Are Baby Boomers Putting Their Millennial Children At ...,"May 14, 2019 - A new book by Wall Street Journal writer Joseph C. Sternberg argues the economic practices of the baby boomers are imperiling the economic security of their children. The baby-boom generation was born between 1946 and 1964; Millennials are defined as being born between 1981 and ...",https://www.wbur.org/hereandnow/2019/05/14/baby-boomers-millennials
"3 Psychological Drawbacks of the Popularity of ""OK Boomer ...","Nov 25, 2019 - OK Boomer checks all these boxes. The meme was virtually unknown just a few weeks ago. Today, it is all over the internet, with articles about ...",https://www.psychologytoday.com/us/blog/the-science-behind-behavior/201911/3-psychological-drawbacks-the-popularity-ok-boomer
"OK, Boomer | Epsilon Theory","Nov 18, 2019 - To receive a free full-text email of The Zeitgeist whenever we publish to the website, please sign up here. You'll get two or three of these emails ...",https://www.epsilontheory.com/ok-boomer/
Are You a Boomer? Take this Quiz to Find Out! - Jessica ...,"Dec 1, 2019 - It sounded like “Okay, Boomer…” Or maybe you were out having a nice dinner somewhere, and you complimented the waitress on her hair.",https://medium.com/@JessicaLexicus/are-you-a-boomer-take-this-quiz-to-find-out-66ca4539cbd7
Boomer Wisdom: A Review of Bruce Springsteen's “Western ...,"Boomer Wisdom: A Review of Bruce Springsteen's “Western Stars”. by Fr. Damian FerenceDecember 10, 2019. Over dinner the other night a millennial priest ...",https://www.wordonfire.org/resources/blog/26006/26006/
Boomer Benefits Medicare Supplements | Medicare Help,Boomer Benefits specializes in Medicare supplement and Medicare Advantage insurance. Find out why Baby Boomers love our agency which offers free claims ...,https://boomerbenefits.com/
"How a Lexington teen's song remix turned into an 'OK, Boomer'","Nov 7, 2019 - Nineteen-year-old Peter Kuli produced a song called “OK, Boomer” at his college in Vermont. Now, it's a backdrop for generational warfare.",https://www.bostonglobe.com/metro/2019/11/07/how-lexington-teen-song-remix-turned-into-boomer-anthem/HXl3cd9lDhz268jTzESncJ/story.html
'OK Boomer': Champlain College Student Behind Remix Of ...,"Nov 14, 2019 - A month ago, Champlain College sophomore Peter Kuli was in his dorm room, messing around with a friend's rap song about baby boomer attitudes. He uploaded the remix online, and in the weeks since the song – and its ""OK boomer"" catchphrase – have gone viral. ... ""OK boomer"" is a ...",https://www.vpr.org/post/ok-boomer-champlain-college-student-behind-remix-viral-gen-z-comeback
ok boomer w/ jedwill by peter kuli on SoundCloud - Hear the ...,"Explore the largest community of artists, bands, podcasters and creators of music & audio.",https://soundcloud.com/peterkuli/okboomer
"When Baby Boomers die, their homes hit the market. Nowhere ...",4 days ago - A huge number of homes owned by Baby Boomers will sell in the next 20 years. How will the trend affect the Florida housing market?,https://www.tampabay.com/news/real-estate/2019/12/07/when-baby-boomers-die-their-homes-hit-the-market-nowhere-more-than-tampa-bay/
boomer - Insured Retirement Institute,"Apr 1, 2019 - Boomer Expectations for Retirement 2019. Percentage of boomers who believe their retirement savings will last. Percentage of boomers who ...",https://www.myirionline.org/research/research-detail-view/boomer-expectations-for-retirement-2019
OK Boomer and the Generational Divide | The Takeaway ...,"Nov 6, 2019 - OK boomer. Those two words have become the latest catchphrase for a younger generation expressing its frustration with their older ...",https://www.wnycstudios.org/podcasts/takeaway/segments/ok-boomer-and-generational-divide
Federal Reserve Bank of San Francisco | Boomer Retirement ...,"Aug 22, 2011 - Many baby boomers have already diversified their asset portfolios in preparation for retirement. Still, it is disconcerting that the retirement of the ...",https://www.frbsf.org/economic-research/publications/economic-letter/2011/august/boomer-retirement-us-equity-markets/
Boomer - HuffPost,Boomer.,https://www.huffpost.com/topic/boomer
16 Minutes on the News #13: Ok Boomer; Microtransaction ...,"Nov 3, 2019 - News and trends covered this week include the OK Boomer meme, what it means given tech trends around meme-to-merchandise, ecommerce ...",https://a16z.com/2019/11/03/16mins-news-ok-boomer-gaming-microtransaction-fraud/
Katz JCC Boomer Programming and Events,"The Katz JCC has a variety of programs, special events and different volunteer options for the Boomer generation in the South Jersey community.",https://katzjcc.org/boomer-programming/
How the baby boomers broke America - POLITICO,"Oct 26, 2019 - How the baby boomers broke America. The most likely outcome in 2020 is that voters will yet again ask a baby boomer to fix what the baby ...",https://www.politico.com/news/2019/10/26/how-the-baby-boomers-broke-america-058122
The Boomer Woman's Guide to Better Giving | Fidelity Charitable,"That's the theme from Women and Giving, a Fidelity Charitable report detailing the giving habits of two generations of women, Baby Boomers and Millennials.",https://www.fidelitycharitable.org/articles/the-boomer-womans-guide-to-better-giving.html
World's Okayest Boomer | 6 Dollar Shirts,"World's Okayest Boomer T-Shirt by 6 Dollar Shirts. Thousands of designs available for men, women, and kids on tees, hoodies, and tank tops.",https://6dollarshirts.com/worlds-okayest-boomer
OK Boomer: About Healthcare… - Tincture,"Oct 29, 2019 - I am, for better and for worse, a Baby Boomer. We're the rock-and-roll generation, the generation that challenged authority, the generation that ...",https://tincture.io/ok-boomer-about-healthcare-83e7234d367a
Boomer Movement | The Encyclopedia of Oklahoma History ...,"BOOMER MOVEMENT. After the Civil War, in 1866 the U.S. government undertook the making of new treaties with many of the nation's Indian tribes, some of ...",https://www.okhistory.org/publications/enc/entry.php?entry=BO011
"Is 'OK Boomer' the 'New N-Word,' or Are Millennials Still ... - FAIR","Nov 8, 2019 - One example is the focus on the “OK boomer” meme, a witty two-word comeback gaining popularity on the internet. “OK boomer” is a pithy, ...",https://fair.org/home/is-ok-boomer-the-new-n-word-or-are-millennials-still-destroying-everything/
Hero Politician Shuts Down Heckler With 'OK Boomer' During ...,"Nov 6, 2019 - Chlöe Swarbrick, a member of New Zealand parliament, who dismissed a heckler with “OK Boomer” during her speech Screenshot: Facebook.",https://earther.gizmodo.com/hero-politician-shuts-down-heckler-with-ok-boomer-durin-1839659593
Boomer Club | SEFCU,Overview. Special perks for members 55+. Want to see your money go further? Join the SEFCU Boomer Club and enjoy discounts and freebies for just $3 a ...,https://www.sefcu.com/boomer-club
Baby boomer YouTube behavior - Think with Google,"Baby boomers, the generation born between the early to mid-1940s and the mid-1960s, came of age in an era before on-demand media. Back then, if you ...",https://www.thinkwithgoogle.com/consumer-insights/baby-boomer-youtube-trends/
Boomer madness: Summer of '69 casts a nostalgic haze over ...,"Jul 26, 2019 - Baby Boomers are defined as those born between 1946 and 1964. An estimated 76 million of them live in the United States, where they make ...",https://www.dallasnews.com/arts-entertainment/architecture/2019/07/26/boomer-madness-summer-of-69-casts-a-nostalgic-haze-over-summer-2019-movies/
Boomer Dominance Means More of the Same in the 114th ...,"Jan 5, 2015 - During the past two decades, Baby Boomers (born 1946-1964) first shaped and eventually dominated both the way Congress operates and its ...",https://www.brookings.edu/blog/fixgov/2015/01/05/boomer-dominance-means-more-of-the-same-in-the-114th-congress/
"The boy land boomer: or, Dick Arbuckle's adventures in Oklahoma","No white man could follow a trail better than this leader of the boomers, yet for the time being he was baffled. Yellow Elk had led the horses into the water, but the ...",https://books.google.com/books?id=m4Y_AQAAIAAJ&pg=PA128&lpg=PA128&dq=boomer&source=bl&ots=4bdE3lvR4M&sig=ACfU3U0xJ63UrR1yNGt_vSXoa5nLHOtnqA&hl=en&ppis=_c&sa=X&ved=2ahUKEwiLi8SH8qzmAhVSoZ4KHYyaDvE4ggEQ6AEwB3oECAoQAQ
OK boomer: Bob Lonsberry compares boomer meme to N ...,"Nov 5, 2019 - In an attempt to squash the ""OK boomer"" catchphrase, conservative Rochester radio host Bob Lonsberry inadvertently became the poster adult ...",https://www.democratandchronicle.com/story/news/2019/11/05/bob-lonsberry-ok-boomer-meaning-n-word-twitter-trending-millennials-dictionary-radio-host-tweet/4161426002/
If You Call Me a “Boomer” You Are Committing a Hate Crime ...,"Nov 5, 2019 - The first time somebody on the internet called me a “boomer,” I checked myself into a hospital for acute psychological trauma. Words have ...",https://www.mcsweeneys.net/articles/if-you-call-me-a-boomer-you-are-committing-a-hate-crime
Just How Many Baby Boomers Are There? – Population ...,"Apr 16, 2014 - Data from the U.S. Census Bureau show that there are 76.4 million baby boomers. There were actually a total of 76 million births in the United ...",https://www.prb.org/justhowmanybabyboomersarethere/
2019 Boomer Travel Trends - AARP,Boomers are avid travelers planning on taking 4 to 5 leisure trips in 2019 and spending over $6600 on these trips.,https://www.aarp.org/research/topics/life/info-2018/2019-travel-trends.html
Tom Purcell: OK boomer — there's hope for the future ...,"Dec 2, 2019 - I don't blame millennials and Gen Z for mocking baby boomers with the trending “OK boomer” meme. I've had my issues with baby boomers, ...",https://triblive.com/opinion/tom-purcell-ok-boomer-theres-hope-for-the-future/
Sunday Comics: OK Boomer - Kotaku,"Dec 1, 2019 - It’s time for Kotaku’s Sunday Comics, your weekly roundup of the best webcomics. The images enlarge if you click on the magnifying glass icon.",https://kotaku.com/sunday-comics-ok-boomer-1840126630
Opinion: The misplaced anger behind 'OK boomer' - The State ...,"Nov 15, 2019 - “'OK boomer' is a turning point in American culture,” he said. “For years, the baby boomers have run the name of all generations into the mud, ...",https://www.statepress.com/article/2019/11/spmagazine-the-misplaced-anger-behind-ok-boomer
"Boomer parents: 'One day, this will all be yours.' Grown children","Jul 25, 2017 - As baby boomers begin to downsize, they are discovering their grown children do not want their stuff. In fact, they recoil in something close to ...",https://www.csmonitor.com/USA/Society/2017/0725/Boomer-parents-One-day-this-will-all-be-yours.-Grown-children-Noooo
'OK boomer' is the most important meme of my generation ...,"Nov 13, 2019 - 'OK boomer' is a powerful weapon, and as Uncle Ben told Peter Parker: 'With great power, comes great responsibility.' Use it, but use it wisely.",https://spectator.us/ok-boomer-most-important-meme-generation/
Baby boomer baby names that have gone out of style ...,2 days ago - Some names seem so ubiquitous that it is hard to imagine that they will ever be anything other than everywhere in the popular consciousness.,https://www.chron.com/lifestyle/article/Baby-boomer-baby-names-that-have-gone-out-of-style-14894282.php
"Letters: Boomers not OK with OK, Boomer (11/17/19) – The ...","Nov 17, 2019 - Boomers not OK with OK, Boomer Re: “OK, boomer -- The kids are fighting back,” Nov. 10 commentary.",https://www.denverpost.com/2019/11/17/letters-boomers-not-ok-with-ok-boomer-11-17-19/
30 year old boomer core on Spotify,"30 year old boomer core. By jesuschristadhd3000. groundbreaking music for the baby boomers. 105 songs. Play on Spotify. 1. Baby, I Love Your Way ...",https://open.spotify.com/playlist/6iVdMHS7njY1A0ayLpwRAz
The American Boomer,TheAmericanBoomer.com is an internet based business dedicated to providing information and resources to improve the quality of life of America's Baby Boom ...,https://www.theamericanboomer.com/
Blockchain Boomers — The Next Wave of Retail Investors ...,"Among certain internet investment communities, 'boomers' have become both an ironic meme, and the struggling millennial's financial bogeymen. But with ...",https://hackernoon.com/blockchain-boomers-d665ac73607e
'Beetlejuice' Closing for ... 'The Music Man'? Okay Boomer ...,"13 hours ago - It's probably the only thing that's honestly made me want to say “okay boomer” with my whole chest. According to The New York Times, The ...",https://www.themarysue.com/beetlejuice-closing-for-music-man-ok-boomer/
Andrew L. Pincus: The Boomers are OK | The Brattleboro ...,"2 days ago - Already, aging Boomers are a tide about to surge into old folks' paradise palaces like ours. As it is, they stream through now on visits to parents, ...","https://www.reformer.com/stories/andrew-l-pincus-the-boomers-are-ok,592079"
No B.S. Guide to Marketing to Leading Edge Boomers & ...,"Those early, or aging, boomers, born from 1946 to 1955, grew up at a time when the economy was good; whereas the boomers born in the latter part of the baby ...",https://books.google.com/books?id=YEwza169hYMC&pg=PA222&lpg=PA222&dq=boomer&source=bl&ots=vnHw2XSAVZ&sig=ACfU3U0DWfr_heeBloZ44MaiXAeQnhfu6A&hl=en&ppis=_c&sa=X&ved=2ahUKEwiduK-Z8qzmAhVWu54KHT_MDTw4oAEQ6AEwBnoECAoQAQ
The Baby Boomers Grow Up: Contemporary Perspectives on Midlife,"Further, not all Baby Boomers grew up in households with nuclear families (Coontz, 2000). Divorce rates began to increase after World War II. Indeed, despite ...",https://books.google.com/books?id=qT-4AwAAQBAJ&pg=PA251&lpg=PA251&dq=boomer&source=bl&ots=pl9WZoFaD1&sig=ACfU3U0TnSNkEEyrG0Ub0Th84zvSvKVrJg&hl=en&ppis=_c&sa=X&ved=2ahUKEwiduK-Z8qzmAhVWu54KHT_MDTw4oAEQ6AEwB3oECAkQAQ
The popularity of 'ok boomer' may well just 'ok boomerang ...,"Nov 20, 2019 - The phrase “ok boomer” is everywhere these days. It's popping up in the halls of New Zealand parliament, Fox is applying to trademark it, and ...",https://news.northeastern.edu/2019/11/20/heres-how-ok-boomer-is-and-isnt-like-the-slang-that-came-before-it/
"OK Millennials… And Gen X, Too: How Boomers Failed the ...","18 hours ago - As a primetime (1951) boomer, who just relished his 50th high school reunion, here is how I see the degraded environmental, economic and ...",https://observer.com/2019/12/ok-millennials-and-gen-x-too/
Twitter users lampoon baby boomers with parody movie titles ...,"7 hours ago - It looks like ""OK, Boomer"" jokes aren't going out of style anytime soon. The internet's favorite refrain for poking fun at folks born between 1946 ...",https://www.sfgate.com/twitter/article/ok-boomer-twitter-movie-puns-14896382.php
Baby Boomer Travelers: What Marketers Need to Know ...,"10 hours ago - In their rush to court younger consumers, travel marketers sometimes overlook an important demographic: baby boomers. Members of this ...",https://www.hotel-online.com/press_releases/release/baby-boomer-travelers-what-marketers-need-to-know-infographic/
"OK Boomers, Millennials Are an Increasing Force in IT","1 day ago - As younger individuals become CIOs, they tend to hire direct reports that are in their age groups, according to Janco Associates. There still will ...",https://www.channelfutures.com/business-models/ok-boomers-millennials-are-an-increasing-force-in-it
Help! My Boomer In-Laws Are Selfish Cheapskates Who Don't ...,"Nov 13, 2019 - Every week, Daniel Mallory Ortberg answers additional questions from readers, just for Slate Plus members. Q. My cheapskate in-laws are ...",https://slate.com/human-interest/2019/11/selfish-baby-boomer-parents-early-retirement-student-debt-advice.html
"The Power Line Show, Ep. 157: OK Boomer: Let's Cross the ...","3 days ago - This episode is either an excursion into intergenerational conflict, or the pilot for a 21st century version of The Odd Couple, where Oscar and ...",https://www.powerlineblog.com/archives/2019/12/the-power-line-show-ep-157-ok-boomer-lets-cross-the-streams-is-reagan-relevant-to-millennials.php
"“Ok, Boomer” Not Okay in the Workplace | Akerman LLP - HR ...","14 hours ago - The phrase, “OK, Boomer” has increasingly gained popularity among Millennials and Generation Z'ers as a way of dismissing comments or ...",https://www.jdsupra.com/legalnews/ok-boomer-not-okay-in-the-workplace-74930/
"“Ok, Boomer” Not Okay in the Workplace - Lexology","1 day ago - The phrase, “OK, Boomer” has increasingly gained popularity among Millennials and Generation Z'ers as a way of dismissing comments or ...",https://www.lexology.com/library/detail.aspx?g=9175663f-54d7-414b-a5cf-b4ca05718ac8
Today reporter Brooke Boney says 'OK boomer' to Tom ...,1 day ago - The moment 'OK boomer' officially died: Today reporter Brooke Boney references the meme after the show experiences technical difficulties.,https://www.dailymail.co.uk/tvshowbiz/article-7773921/Today-reporter-Brooke-Boney-says-OK-boomer-Tom-Steinfort.html
The Big Read: What 'OK boomer' - TODAYonline,"4 days ago - The “OK boomer” phenomenon may have originated in the United States, but TODAY's interviews with millennials and boomers in Singapore ...",https://www.todayonline.com/big-read/big-read-what-ok-boomer-reveals-about-divide-between-spore-millennials-and-their-elders
"OK Boomer, humblebrags and pop-ups: 9 things we'd like to ...","2 days ago - The anger behind the OK Boomer viral meme. In this episode of The Detail, University of Auckland associate professor of media and ...",https://www.stuff.co.nz/life-style/life/118042737/ok-boomer-humblebrags-and-popups-9-things-wed-like-to-leave-in-2019
"Surprise! Millennials Embrace Bitcoin While Boomers, Gen ...","4 days ago - Millennials Embrace Bitcoin While Boomers, Gen-Xers Hold Traditional Wealth. A recent report from Charles Schwab indicates that Millennials ...",https://bitcoinmagazine.com/articles/surprise-millennials-embrace-bitcoin-boomers-gen-xers-hold-traditional-wealth
Opinion: This baby boomer is for Mayor Pete Buttigieg ...,"4 hours ago - Mayor Buttigieg may have traveled a different road, but it was no less difficult. And though he might not have encountered many who looked like ...",https://www.expressnews.com/opinion/commentary/article/Opinion-This-baby-boomer-is-for-Mayor-Pete-14896984.php
'OK Gen Z' : time to step in to care for ageing Boomers,"3 days ago - Young people who have coined the phrase ""OK Boomer"" will be among those encouraged to look after older generations as they try to escape ...",https://www.smh.com.au/business/workplace/ok-gen-z-time-to-step-in-to-care-for-ageing-boomers-20191206-p53hi9.html
The Big Read: What 'OK boomer' reveals about the ... - CNA,2 days ago - Interviews with millennials and boomers in Singapore found that intergenerational quarrel had already broken out here long before the meme ...,https://www.channelnewsasia.com/news/singapore/ok-boomer-generation-divide-between-singapore-millennials-elders-12163386
5 Reasons Not To Use the Phrase 'Ok Boomer' - Thrive Global,16 hours ago - Five reasons why we should leave 'ok Boomer' in 2019.,https://thriveglobal.com/stories/5-reasons-not-to-use-the-phrase-ok-boomer/
"'Boomer', 'planepooling' and 'jagger' are among the 19 ...",12 hours ago - The organisation of the Van Dale's Great Dictionary of the Dutch Language has nominated 19 words that gained popularity in 2019 to become ...,https://www.brusselstimes.com/all-news/belgium-all-news/83008/boomer-planepooling-and-jagger-are-among-the-19-nominees-for-word-of-the-year-in-flanders/
"'Ok Boomer:' Apathy, Anger And The Birth Of A Meme - 1A","Nov 7, 2019 - Creators report orders are flying in for apparel like this shirt, which features the ""ok boomer"" meme. Teepublic. Gen-Z is mobilizing. The weapon ...",https://the1a.org/shows/2019-11-07/ok-boomer-tiktok
Eddie Van Halen's Son Reacts To A Fan Who Calls Him ...,"2 days ago - A fan named Yimo has reacted to Wolf's statement and call him 'boomer.' Here's what the fan said: “Shut up boomer, she is a pop-culture ...",https://metalheadzone.com/eddie-van-halens-son-reacts-to-a-fan-who-calls-him-boomer/
Boomer | The First Podcast Wiki | FANDOM powered by Wikia,"A boomer is one of the following: A member of the Baby Boomer generation, a demographic cohort comprising approximately those born between 1945 and ...",https://thefirstpodcast.fandom.com/wiki/Boomer
Baby Boomer – The Gen X Files,Baby Boomer. Copied from Lifecourse.com. The Boom Generation (born 1943–60) grew up as indulged youth during the post-World War II era of ...,https://www.thegenxfiles.com/baby-boomer/
Boomer | BabyBoomer-Magazine.com,Social Networking for Baby Boomers by Dotsie Bregel 57% of Baby Boomers have visited ... Baby Boomers are Finding Activity Friends Using Dating Websites.,https://babyboomer-magazine.com/tag/boomer/
Why are boomers called boomers? - English Language & Usage Stack ...,"Aug 29, 2019 - For the same reason teenagers are called teenagers and old-timers, old-timers. -ers denotes association with a group. They're the product of ...",https://english.stackexchange.com/questions/510015/why-are-boomers-called-boomers
