"Title","Description","URL_Link"
"Millennials - Wikipedia","Millennials, also known as Generation Y (or simply Gen Y), are the demographic cohort following Generation X and preceding Generation Z. Researchers and popular media use the early 1980s as starting birth years and the mid-1990s to early 2000s as ending birth years, with 1981 to 1996 a widely accepted definition.","https://en.wikipedia.org/wiki/Millennials"
"Millennials | Pew Research Center","Pew Research Center reports and data on the Millennial generation, those born after 1980 and the first generation to come of age in the new millennium.","https://www.pewresearch.org/topics/millennials/"
"Where Millennials end and Generation Z begins | Pew ...","Jan 17, 2019 - Pew Research Center now uses 1996 as the last birth year for Millennials in our work. President Michael Dimock explains why.","https://www.pewresearch.org/fact-tank/2019/01/17/where-millennials-end-and-generation-z-begins/"
"Millennial - Urban Dictionary","Millennial is an identity given to a broadly and vaguely defined group of people. There are two wings of ""Millennial"" that are often at odds with each other: ...","https://www.urbandictionary.com/define.php?term=Millennial"
"New Guidelines Redefine Birth Years for Millennials, Gen-X, and","You hear about Millennials, Generation X, and the Baby Boomers all the time, but it's not always clear who's a part of these groups. In fact, all of these terms are ...","https://www.mentalfloss.com/article/533632/new-guidelines-redefine-birth-years-millennials-gen-x-and-post-millennials"
"Age Ranges for Millennials and Generation Z | Mental Floss","5 days ago - The age ranges and birth years for Generation Z are now included with Millennials, Generation X, and Baby Boomers in Pew Research's official ...","https://www.mentalfloss.com/article/609811/age-ranges-millennials-and-generation-z"
"What is Millennial (Generation Y)? Webopedia Definition","Millennials were those born between 1982 and 2000 and represents the demographic of the first generation of people reaching adulthood in the early 21st ...","https://www.webopedia.com/TERM/M/millennials.html"
"Millennials Infographic - Goldman Sachs","INFOGRAPHIC: How the millennial generation will transform the economy – based on research from Goldman Sachs.","http://www.goldmansachs.com/insights/archive/millennials/"
"Millennial Generation - Lifecourse Associates","The Millennial Generation (Hero, born 1982–2004) first arrived amid “Babies on Board” signs, when abortion and divorce rates ebbed, the popular culture recast ...","https://www.lifecourse.com/about/method/def/millennial-gen.html"
"What generation do you belong to? Millennial, generation X or Z","Nov 10, 2019 - Millennial, generation Z, baby boomers… nowadays every generation has a defining label, and a set of stereotypical attributes attached.","https://www.independent.co.uk/life-style/generation-definitions-what-am-i-millennial-generation-x-y-z-baby-boomers-golden-age-young-old-a8679741.html"
"Millennials: Finances, Investing, and Retirement - Investopedia","Jun 25, 2019 - Learn the basics of what millennial need to know about finances, investing, and retirement.","https://www.investopedia.com/terms/m/millennial.asp"
"Who Are Millennials | Millennial Marketing","Who Are Millennials. ↓ ... About 1 in 4 millennials are parents today ... of millennials post original photos or video online that they themselves have created ...","http://www.millennialmarketing.com/who-are-millennials/"
"Millennials vs. boomers: the US generational wealth gap ...","5 days ago - When boomers were roughly the same age as millennials are now, they owned about 21% of America's wealth, compared to millennials' 3% share today, according to recent Fed data. Baby boomers are outpacing the Silent Generation in terms of wealth as they age into retirement, while ...","https://www.businessinsider.com/millennials-less-wealth-net-worth-compared-to-boomers-2019-12"
"Millennials are shortening travel and leading ""micro-cation ...","4 days ago - Millennials love anything miniature, even vacations. Here's why they're shortening their travel time and taking multiple ""micro-cations.""","https://www.businessinsider.com/millennials-are-shortening-travel-and-leading-microcation-mini-vacation-trend-2019-12"
"What is Millennials (Generation Y)? - Definition from WhatIs.com","Discover the definition of millennials (generation Y) and learn about their common characteristics, values, political and religious views, cultural values and more.","https://whatis.techtarget.com/definition/millennials-millennial-generation"
"Millennials | Pew Research Center - Pew Social Trends","Comparing Millennials to Other Generations. Our interactive graphic compares the generations today and in the years that each generation was young (ages 18 ...","https://www.pewsocialtrends.org/topics/millennials/"
"How the Millennial Generation Works | HowStuffWorks","The millennial generation is bound to make an impact. Read about the Millennial Generation at HowStuffWorks.","https://people.howstuffworks.com/culture-traditions/generation-gaps/millennial-generation.htm"
"Millennials, Gen Z have revived some traditional items – really","Nov 18, 2019 - Millennials and Gen Z, blamed for the decline of nearly everything by now, managed to contribute to the resurgence of traditional items.","https://www.usatoday.com/story/life/2019/11/18/millennials-gen-z-traditional-items-they-havent-killed/4180942002/"
"Boomers, Gen X, Gen Y, and Gen Z Explained - Kasasa","Apr 22, 2019 - What separates Generation Y from X, and is Generation Z a thing? Where do Millennials fit? They're in vastly different phases of their financial ...","https://www.kasasa.com/articles/generations/gen-x-gen-y-gen-z"
"The Millennial Question - The Pudding","OK, not really. But we've seen countless stories about what millennials have killed. From napkins to marriage to Applebees, just looking at headlines you'd ...","https://pudding.cool/2019/09/millennials/"
"Millennials | Category | Fox Business","Millennials, also known as Generation Y, are people born between 1981 and 1996.","https://www.foxbusiness.com/category/millennials"
"Boomer & Millennial Get Handcuffed For 24-Hours - YouTube","A Baby Boomer and Millennial are forced to be handcuffed together for 24-hours - will they find common ...","https://www.youtube.com/watch?v=9_o68Q2DBKw"
"Millennials News & Topics - Entrepreneur","The latest news, videos, and discussion topics on Millennials - Entrepreneur.","https://www.entrepreneur.com/topic/millennials"
"What Is a Millennial? (Updated for 2018) | Lindsey Pollak","Feb 14, 2018 - It makes sense that millennials would want to avoid the term, when you ... Generation Y: Yes, “millennial” and “Gen Y” are the same thing.","https://www.lindseypollak.com/what-is-a-millennial/"
"Here's How Big the Boomer-Millennial Wealth Gap Is - Barron's","5 days ago - The median millennial turns 35 in four years, but the generation accounts for just 3% of the nation's wealth.","https://www.barrons.com/articles/heres-how-big-the-boomer-millennial-wealth-gap-is-51575586317"
"Millennial | Definition of Millennial by Merriam-Webster","Millennial definition is - of or relating to a millennium.","https://www.merriam-webster.com/dictionary/millennial"
"Here's What You Need To Know About Millennials - Forbes","Mar 4, 2014 - No generation has been as publicly reviled, praised, misunderstood, and analyzed as the Millennials. And, with good reason. By 2025 ...","https://www.forbes.com/sites/shamahyder/2014/03/04/here-is-what-you-need-to-know-about-millennials/"
"The staggering millennial wealth deficit, in one chart - The ...","Dec 3, 2019 - Young baby boomers owned an enormous share of the country's wealth relative to the nation's millennials and Gen Xers, data show.","https://www.washingtonpost.com/business/2019/12/03/precariousness-modern-young-adulthood-one-chart/"
"Deloitte Global Millennial Survey 2019 | Deloitte | Social ...","Deloitte research reveals a “generation disrupted.” Growing up in a world of accelerated transformation leaves Millennials and Gen Zs feeling unsettled about ...","https://www2.deloitte.com/global/en/pages/about-deloitte/articles/millennialsurvey.html"
"How millennials became a generation of homebodies — Quartzy","Nov 15, 2019 - The rise of millennial hermits is a bit puzzling at first blush. Sure, staying inside has its advantages. You're sheltered from the elements.","https://qz.com/quartzy/1748191/how-millennials-became-a-generation-of-homebodies/"
"The millennial generation: the lives of this generation may not ...","Jun 11, 2019 - According to Stanford Center on Poverty and Inequality, although the millennial generation are acknowledging more political issues, they still believe common racial and gender stereotypes. ... Mortality rates among young adults have also increased substantially, according to the ...","https://www.healtheuropa.eu/millennial-generation/91947/"
"The Millennial Impact Report","Why do millennials choose to engage in causes and movements? Their involvement today could mean the success or failure of social movements into the near ...","http://www.themillennialimpact.com/"
"Are You Secretly a Millennial? - The New York Times","May 14, 2019 - Xennials live in the cusp between Gen X and millennial. We can sort you with this quiz.","https://www.nytimes.com/interactive/2019/05/14/style/are-you-a-millennial.html"
"Opinion: Failing to address millennial concerns could cost ...","3 days ago - Millennial voters will play a key role in this election, since if they stay home, Democrats are likely to lose.","https://www.latimes.com/opinion/story/2019-12-08/failing-to-address-millennial-concerns-could-cost-democrats-the-election"
"Millennials - CNBC.com","Millennials will surpass 50 percent of all home mortgages in 2020. Fri, Dec 6th 2019. thumbnail. For people with student debt, 2020 could be the year everything ...","https://www.cnbc.com/millennials/"
"Millennial Action Project - Political cooperation","The Millennial Action Project (MAP) activates Millennial policymakers to create post-partisan political cooperation.","https://www.millennialaction.org/"
"Millennial","Millennial is a podcast about what people never teach you – how to maneuver your 20s. Host and producer Megan Tan documents what it's like to be a ...","http://www.millennialpodcast.org/"
"Millennials 'are seeing their health decline faster' than Gen X ...","Nov 18, 2019 - The declining health of the millennial generation could have a serious impact on the U.S. health care system, according to experts.","https://finance.yahoo.com/news/millennial-health-care-experts-144903309.html"
"millennials - Mashable","The latest articles about millennials from Mashable, the media and tech company.","https://mashable.com/category/millennials/"
"This depressing chart shows the jaw-dropping wealth gap ...","4 days ago - When baby boomers (born between 1946 and 1964) hit a median age of 35 in 1990, they collectively owned 21% of the nation’s wealth. The millennial generation will hit that 35 median age in four years and they are nowhere near owning that percentage. In fact, this inter-generational ...","https://www.marketwatch.com/story/this-depressing-chart-shows-the-jaw-dropping-wealth-gap-between-millennials-and-boomers-2019-12-04"
"Millennial generation is bigger, more diverse than boomers ...","There were more 22 year olds, than any other age group. ... Today's babies mark the first generation where whites make up only 50% of the population. The Census Bureau predicts white kids will no longer make up a majority in just a few years.","https://money.cnn.com/interactive/economy/diversity-millennials-boomers/"
"The Millennials: A new generation of employees, a new set of ...","“The millennials,” a wistful F. Scott Fitzgerald might have written today, “are different than you and me.” Managers accustomed to using certain practices to ...","https://iveybusinessjournal.com/publication/the-millennials-a-new-generation-of-employees-a-new-set-of-engagement-policies/"
"11 Millennials' Traits You Should Know About Before You Hire ...","May 8, 2019 - Recruiting millennials is different from hiring previous generations. Here are the key millennial traits every recruiter should know before working ...","https://business.linkedin.com/talent-solutions/blog/2013/12/8-millennials-traits-you-should-know-about-before-you-hire-them"
"Millennials | Time","30-Year-Old Who Was Evicted by Parents Says He's Not a Millennial Because He's Conservative. Michael Rotondo says he doesn't want to reconcile with his ...","https://time.com/tag/millennials/"
"Who are the Millennial shoppers? And what do they really ...","The digital prowess and market savvy of Millennials make them a difficult group for retailers to bracket—do they break all the rules, or are they more like other ...","https://www.accenture.com/us-en/insight-outlook-who-are-millennial-shoppers-what-do-they-really-want-retail"
"A New Study of 150,000 Millennials Reveals They Have 10 ...","Jul 27, 2019 - According to a new report published by the Case Foundation, Millennials aren't just changing the world. They're changing the way social ...","https://www.inc.com/peter-economy/a-new-study-of-150000-millennials-revealed-that-they-have-these-10-surprising-things-in-common.html"
"The Economic Consequences of Millennial Health | Blue ...","Nov 6, 2019 - New data from the Blue Cross Blue Shield Association's Health Index shows that millennials' health is declining faster than prior generations as ...","https://www.bcbs.com/the-health-of-america/reports/how-millennials-current-and-future-health-could-affect-our-economy"
"How Millennials Want to Work and Live - Gallup","Understand everything that matters most to the U.S. economy as it pertains to America's largest ― and least understood ― generation. Discover what millennials ...","https://www.gallup.com/workplace/238073/millennials-work-live.aspx"
"Are Baby Boomers Putting Their Millennial Children At ...","May 14, 2019 - ""The Theft of a Decade: How the Baby Boomers Stole the Millennials' Economic Future,"" by Joseph C. Sternberg. (Robin Lubbock/WBUR).","https://www.wbur.org/hereandnow/2019/05/14/baby-boomers-millennials"
"Ways Millennials and Boomers Date Differently - Baby ...","1 day ago - Conversely, for the younger millennial generation, the breakup paradigm has shifted into something much cloudier. “Ghosting,” as it has come ...","https://www.redbookmag.com/love-sex/relationships/g30113516/millennials-baby-boomers-dating-differences/"
"What are Millennials? (Generation Y) 2019 Update - Jeff Butler","Mar 18, 2019 - Millennial Generation | Generation Y, are the behavior patterns associated with people born in specific time frame periods. They are the ...","https://jeffjbutler.com/2019/03/18/what-is-a-millennial/"
"Millennials - Newsweek","A panel of experts on Fox Business suggested that millennials focus on their incoming wealth and what to do with it over caring about the planet they live on.","https://www.newsweek.com/topic/millennials"
"'OK, Boomer' Vs. 'OK, Millennial': Workplace Nightmare, Or ...","Nov 18, 2019 - Sophie Vershbow has seen her share of ""OK, boomer"" memes in recent weeks. The phrase that's suddenly everywhere is meant to convey a ...","https://www.npr.org/2019/11/18/779783608/-okboomer-vs-okmillennial-workplace-nightmare-or-just-a-meme"
"The Millennial Manual: The Complete How-To ... - Amazon.com","Amazon.com: The Millennial Manual: The Complete How-To Guide To Manage, Develop, and Engage Millennials At Work (9780998891903): Ryan Jenkins: ...","https://www.amazon.com/Millennial-Manual-Complete-How-Millennials/dp/0998891908"
"""OK, Boomer"": The millennial generation's way of waving ...","3 days ago - Faith Salie's ""Sunday Morning"" commentary about the millennial generation's way of waving away the opinions, instructions and interference of ...","https://www.cbsnews.com/news/bill-flanagan-on-the-ok-boomer-controversy/"
"Millennial | Young Catholics, An Ancient Faith, A New Century","Young Catholics, An Ancient Faith, A New Century.","https://millennialjournal.com/"
"Millennials: Definition & Characteristics of Generation Y | Live ...","Sep 8, 2017 - Teenagers, twenty- and thirty-somethings have been dubbed the Millennial Generation, or simply Millennials. But what does it mean? And how ...","https://www.livescience.com/38061-millennials-generation-y.html"
"Millennials - HuffPost","A Case For Canned Tuna, The Latest Food Shunned By Millennials. Long live canned tuna. By Elisabeth Sherman, On Assignment For HuffPost. Comedy ...","https://www.huffpost.com/topic/millennials"
"Millennial moment: the business of a generation | Financial ...","How the millennial effect is upturning business, from the US to China.","https://www.ft.com/millennial-moment"
"Millennial Engagement - Case Foundation","The Millennial generation are everyday changemakers who use their tech savvy, entrepreneurial and independent-mindedness to change the way change is ...","https://casefoundation.org/program/millennial-engagement/"
"millennial (noun) definition and synonyms | Macmillan Dictionary","Define millennial (noun) and get synonyms. What is millennial (noun)? millennial (noun) meaning, pronunciation and more by Macmillan Dictionary.","https://www.macmillandictionary.com/us/dictionary/american/millennial_2"
"You Betcha - Millennial Dads vs Baby Boomer Dads ...","Millennial Dads vs Baby Boomer Dads ‍       .... CompanyYou BetchaVideosMillennial Dads vs Baby Boomer Dads ‍ ...","https://www.facebook.com/ohhyoubetcha/videos/millennial-dads-vs-baby-boomer-dads-/401529780725516/"
"Millennial | Definition of Millennial at Dictionary.com","Millennial definition, of or relating to a millennium or the millennium. See more.","https://www.dictionary.com/browse/millennial"
"Jason Dorsey Official Site: Speaker on Millennials, Gen Z and ...","Official site for Jason Dorsey, acclaimed keynote speaker and global researcher on Millennials, Gen Z, and Generations. Watch his speaking video here.","https://jasondorsey.com/"
"#millennial hashtag on Instagram • Photos and Videos","508.4k Posts - See Instagram photos and videos from 'millennial' hashtag.","https://www.instagram.com/explore/tags/millennial/?hl=en"
"Millennials | Netflix","Millennials. 2018TV-MA 2 SeasonsInternational TV Shows. A group of millennials copes with the pressures of adulthood by tackling a diverse set of problems ...","https://www.netflix.com/title/81042948"
"NowUKnow: Why Millennials Refuse to Get Married ...","Millennials are saying no to traditional marriage in record numbers…and that's not all. In Western culture in the late 18th century, marriage transformed from an ...","https://www.bentley.edu/impact/articles/nowuknow-why-millennials-refuse-get-married"
"#Millennial Podcast: The Weekly Podcast for Millennials","#Millennial Podcast releases a new episode every week! We can't do it without your support. Pledge and receive great benefits in return!","http://millennialshow.com/"
"The Stereotypes About Lazy Millennials Are Wrong","Nov 11, 2019 - Of all the noxious, insulting stereotypes millennials have to endure about their generation — that they're self-centered, lazy, and entitled, not to ...","https://www.buzzfeednews.com/article/venessawong/millennials-parents-stereotypes-boomers-data"
"Millennials, This Is How You Can Prove Those Negative ...","To some, the word “Millennial” sounds like a dirty word. The “M” word, let's call it. Unfortunately, being associated with this word comes with a few negative ...","https://www.monster.com/career-advice/article/how-millennials-can-debunk-stereotypes-at-work"
"Training Millennials | Modern Employee Development","The millennials have landed, and the workplace is never looking back. ... More and more, baby boomers are retiring and millennials are on track to take their place as the dominant generation, making up 75% of the workforce by 2025. ... In a recent study, training and development ranked 300 ...","https://www.instructure.com/bridge/lc/insights/working-with-millennials"
"12 Industries That Will Thrive Thanks To Millennials - CB ...","Millennials are one of the largest generations in history, and they're on the cusp of their prime spending years. These are the industries that stand to benefit the ...","https://www.cbinsights.com/research/report/millennials-industries-thriving/"
"Why Targeting Millennial Consumers Might Not Be Such a Hot ...","Jun 11, 2019 - A growing body of evidence shows why Gen Y consumers aren't ideal: because many of them are broke.","https://www.adweek.com/brand-marketing/why-targeting-millennial-consumers-might-not-be-such-a-hot-idea-after-all/"
"The Millennial Consumer: Debunking Stereotypes - BCG","Little has been written about U.S. Millennials as consumers. With this ... Millennial attitudes are early indicators of more widespread future trends. Compa-.","https://www.bcg.com/documents/file103894.pdf"
"Understanding millennials and the opportunities they bring to ...","In another post, we will discuss the traits that are considered their weaknesses at work and the challenges one faces when working with or managing Millennials ...","https://www.impraise.com/blog/understanding-millennials-and-the-opportunities-they-bring-to-the-workplace"
"Attention, Employers: Millennials Have Made Their Demands","Like FOMO, it's a mostly Millennial affliction, and the younger you are, the more likely you are to have it. But unlike its better-known cousin, it's less a social ...","https://www.theatlantic.com/sponsored/allstate/attention-employers-millennials-have-made-their-demands/219/"
"How Millennial Spending Habits Compare to Other Generations","How millennials' spending habits compare to other generations, from how much they spend on the housing to dining out to buying clothing.","https://www.thebalance.com/how-millennials-spending-habits-compare-to-other-generations-4240695"
"Millennial Tracker™ | Ellie Mae - Mortgage Compliance ...","The Ellie Mae Millennial Tracker focuses on millennial mortgage applications during specific time periods. Ellie Mae defines millennials as applicants born ...","https://www.elliemae.com/millennial-tracker/register"
"Millennials: Your Most Powerful Brand Advocates - Medallia","Millennials are the largest generation in U.S. history—and the most digitally connected. As their earning power has grown, so has their influence. For Millennials ...","http://go.medallia.com/rs/669-VLQ-276/images/Medallia-Millennials-Your-Most-Powerful-Brand.pdf"
"Millennials | Know Your Meme","Millennials is the term coined for the generation between Generation X and Generation Z, generally understood to be born between the early 80s and early ...","https://knowyourmeme.com/memes/cultures/millennials"
"Millennials face high death rates compared to Gen-Xers","Nov 7, 2019 - Millennials' health is declining—and that will have major implications for healthcare costs and economic growth, according to a new report.","https://www.fastcompany.com/90427858/millennials-face-much-higher-death-rates-than-gen-xers"
"Millennial Church Conference","Through the Millennial Church Conference, we want to equip Catholic leaders across dioceses, parishes, and organizations to effectively engage the current ...","http://www.millennialchurchconference.com/"
"Boomers for millennials: why people in their 50s and 60s are ...","Nov 13, 2019 - Are these the “boomers for millennials” then? That's right. The 59-year-old Disney heiress, activist and documentary film-maker Abigail Disney ...","https://www.theguardian.com/inequality/shortcuts/2019/nov/13/boomers-for-millennials-why-people-in-their-50s-and-60s-are-telling-their-peers-to-pipe-down"
"The BRAVE MILLENNIAL","The Brave Millennial hosts a nationwide conversation about the real-life terrain for professional Millennial women ages 22 to 35.","http://www.thebravemillennial.com/"
"Millennial RI","Yet, for millennials, choosing RI isn't easy. We've experienced some of the worst financial hardships in recent history. We're burdened with student debt, we deal ...","https://www.millennialri.com/"
"What is the Millennial Age Range And What Does That Mean ...","Aug 29, 2019 - Understanding the millennial age range, as well as millennial myths and actual facts about how this generation handles money.","https://thecollegeinvestor.com/19793/millennial-age-range/"
"'Playing Catch-Up in the Game of Life.' Millennials Approach ...","May 19, 2019 - American millennials are approaching middle age in worse financial shape than every living generation ahead of them, lagging behind baby ...","https://www.wsj.com/articles/playing-catch-up-in-the-game-of-life-millennials-approach-middle-age-in-crisis-11558290908"
"The Anguish of the “Old Millennial” | The New Republic","Mar 1, 2019 - The Anguish of the “Old Millennial”. “The Other Two” portrays a micro-generation that's too young for Gen X complacency and too old for ...","https://newrepublic.com/article/153190/anguish-old-millennial"
"Don't Call Me a Millennial — I'm an Old Millennial -- Science of ...","Apr 24, 2017 - Given the epochal events that changed the young adulthoods of older and younger millennials, it's time to split the generation in half.","https://www.thecut.com/2017/04/two-types-of-millennials.html"
"Culture - The films defending the demonised millennial ... - BBC","Jul 19, 2019 - If a cursory Google search is to be believed, we millennials – a generation defined the Pew Research Center as being born between 1981 and ...","http://www.bbc.com/culture/story/20190718-the-films-defending-the-demonised-millennial-generation"
"Millennials Are Screwed - The Huffington Post","But in the 1970s, they stopped building. Cities kept adding jobs and people. But they didn't add more housing. And that's when prices started to climb. In the late ...","http://highline.huffingtonpost.com/articles/en/poor-millennials"
"5 Infographics That Capture the Changing Millennial Lifestyle","Apr 25, 2019 - Marketers continue to be fascinated by millennials, and for many this cohort remains a mystery that can make or break their business. The way ...","https://www.visioncritical.com/blog/millennial-infographics"
"What is the Millennial Age Range? Millennial Generation ...","Mar 2, 2018 - Millennials have been hard to define, but finally the Pew Research center has come to the rescue with an age-range for the cohort.","https://www.thrillist.com/news/nation/millennials-age-range-generation-defined"
"The Millennial Economy - Economic Innovation Group","Millennials are the future of the U.S. economy. But when it comes to their future, and the future of the country, they are a deeply pessimistic generation. EY and ...","https://eig.org/millennial"
"The millennial generation: A demographic bridge to America's ...","Jan 30, 2018 - The millennial generation, over 75 million strong is America's largest—eclipsing the current size of the postwar baby boom generation.","https://www.brookings.edu/research/millennials/"
"The Difference Between Millennials vs. Gen Z - Salesforce Blog","Apr 8, 2019 - They may all look young but millennials and Gen Z don't respond to marketing campaigns the same way. Learn the key differences between ...","https://www.salesforce.com/blog/2017/10/how-millennials-and-gen-z-are-different.html"
"A Simple Solution to Millennial Burnout | Outside Online","May 3, 2019 - Earlier this year, Anne Helen Petersen wrote an essay for BuzzFeed entitled “How Millennials Became the Burnout Generation.” The basic gist ...","https://www.outsideonline.com/2395138/millennial-burnout-causes-solution"
"Millennials, Gen Z & Youth Boom Economy | Morgan Stanley","Jan 25, 2019 - Learn how Gen Z join Millennials in the workforce for a sizable jolt to U.S. GDP, consumption, wages, & housing—putting the U.S. ahead of its ...","https://www.morganstanley.com/ideas/millennial-gen-z-economy"
"The Rise of the Millennial Workforce | WIRED","It shouldn't come as a surprise as it's been on the horizon for years, but are businesses truly prepared for the rise of millennials in the workplace? The U.S. ...","https://www.wired.com/insights/2013/08/the-rise-of-the-millennial-workforce/"
"How Millennials 'House Hack' Their Way to Home Ownership ...","5 days ago - Like a lot of millennials, Craig Curelop lives with roommates to save money. One big difference? He's their landlord. In a housing market where ...","http://money.com/money/longform/millennial-house-hackers/"
"Capitalizing on Millennial Hotel Guest Behaviors and Travel ...","20 hours ago - If it seems like everyone in the hospitality industry is talking about millennials — well, that's likely because they are. With 2019 fading into the ...","https://www.hospitalitynet.org/opinion/4096160.html"
"The Millennial Study: Research About Millennials Values ...","Millennials may be the most misunderstood generation in, well, generations. As millennials move on to a new phase of ""adulting"", Qualtrics and Accel surveyed ...","https://www.qualtrics.com/millennials/"
"5 Stats on Millennial Buying Habits - Khoros","Apr 18, 2019 - Millennials are a force: the first digitally native generation is set to overtake the Baby Boomers as the largest adult population in the country.","https://khoros.com/blog/millennial-buying-habits"
"Which chains are winning with millennial parents?","10 hours ago - Millennial parents visit restaurants more than any group, and they spend more, too, according to Technomic.","https://www.restaurantbusinessonline.com/consumer-trends/which-chains-are-winning-millennial-parents"
"Breaking Down the Millennial Automotive Customer Persona ...","Millennials are one of the biggest and most valuable audiences for dealers right now, but they're also a generation defined by their disruption. That makes them ...","https://www.jazelauto.com/breaking-down-the-millennial-automotive-customer-persona/"
"Stop calling teenagers millennials - Vox","Aug 15, 2018 - ""Millennial"" has become a meaningless generational label. It's time to find a new one for a whole new group of young people!","https://www.vox.com/2018/8/15/17686668/millennials-explained"
"Most Millennials Resist the 'Millennial' Label | Pew Research ...","Sep 3, 2015 - Despite the size and influence of the Millennial generation, however, most of those in this age cohort do not identify with the term “Millennial.","https://www.people-press.org/2015/09/03/most-millennials-resist-the-millennial-label/"
"Key Statistics about Millennials in the Workplace | Dynamic ...","Oct 9, 2018 - Dynamic Signal has compiled the latest research and statistics about Millennials in the workplace to provide a better understanding of a ...","https://dynamicsignal.com/2018/10/09/key-statistics-millennials-in-the-workplace/"
"Millennial Generation Defined by Pew Research - AARP","Mar 2, 2018 - People toss the term “millennial” around a lot these days. But until now, there hasn't been a clear definition as to just who makes up this ...","https://www.aarp.org/politics-society/history/info-2018/millennial-generation-defined-fd.html"
"The Screwed Millennial Generation Gets Smart","Jan 27, 2018 - It's been seven years since I wrote about “the screwed generation.” The story told has since become familiar: Millennials, then largely in their ...","https://www.thedailybeast.com/the-screwed-millennial-generation-gets-smart"
"The Millennials Workforce: Engaging and Connecting with ...","Feb 9, 2019 - In this post, we will discuss some of the ways to make sure your Millennials are engaged and also how you can benefit from their added value ...","https://www.novoed.com/blog/1635/connecting-with-millennial-workforce/"
"The Horror of “Millennial” No Longer Being a Synonym for ...","Jun 21, 2018 - It's finally here—the existential horror that “millennial” is no longer a synonym for “young person.” But has that changed the identity of the ...","https://www.theringer.com/pop-culture/2018/6/21/17487974/millennials-meaning-age-young-old"
"Share Your Millennial Hanukkah Story – The Forward","14 hours ago - Are you hosting dreidel tournaments at your co-working space or do the holidays have you more like #okboomer? If you’re a millennial (in body or in spirit!) the Forward wants to know how you’re celebrating Hanukkah. Take the survey below to share your favorite traditions, new or ...","https://forward.com/life/436214/how-do-millennials-celebrate-hanukkah-share-your-story/"
"A Millennial in the Year 2050 | The New Yorker","Jan 6, 2019 - Ivan Ehlers illustrates a humorous depiction of what he imagines a millennial will look like in the year 2050.","https://www.newyorker.com/humor/daily-shouts/a-millennial-in-the-year-2050"
"The Millennial Generation Research Review | U.S. Chamber ...","Nov 12, 2012 - This report from the U.S. Chamber of Commerce Foundation was published in 2012. See more content related to millennials, from the U.S. ...","https://www.uschamberfoundation.org/reports/millennial-generation-research-review"
"Why millennials are surprisingly unhealthy | Medical Economics","17 hours ago - Recent reports have shed light on what may become one of America's most critical, yet overlooked, health crises: millennials' declining mental ...","https://www.medicaleconomics.com/news/why-millennials-are-surprisingly-unhealthy"
"Who Loves Travel Advisors the Most? It's Millennials, Not ...","21 hours ago - A comprehensive survey of travelers found that it is baby boomers — not millennials — who are more likely to bypass travel advisors.","https://skift.com/2019/12/10/who-loves-travel-advisors-the-most-its-millennials-not-boomers/"
"'Boomer' And 'Millennial' Are Misguided - St. Louis Public Radio","1 day ago - While “the cyclical nature of generational denigration is embedded in our history,” generational labels like “baby boomer” and “millennial” are ...","https://news.stlpublicradio.org/post/slu-professor-argues-generational-labels-boomer-and-millennial-are-misguided"
"Food Purchase Decisions of Millennial ... - USDA ERS","Do the purchasing decisions of Millennial households, headed by those born ... Millennials spend less money, overall, on food at home and make fewer trips to.","https://www.ers.usda.gov/webdocs/publications/86401/eib-186.pdf?v=43097"
"Millennial Careers: 2020 Vision - ManpowerGroup","2 | Millennial Careers: 2020 Vision. QWE ASKED MILLENNIALS. ABOUT CAREERS. • How confident are you about your career and how much of a priority is ...","https://www.manpowergroup.com/wps/wcm/connect/660ebf65-144c-489e-975c-9f838294c237/MillennialsPaper1_2020Vision_lo.pdf?MOD=AJPERES"
"The Millennial Dilemma: The Generic Generation Doesn't ...","Aug 21, 2017 - Bad news for all you out there who spend your careers building brands: New research shows that more than half of millennials have no use for ...","https://adage.com/article/news/millennials/310152"
"Why Retailers Cannot Ignore Bridge Millennials | PYMNTS.com","15 hours ago - The Buy Now Pay Later Tracker Deep Dive examines how bridge millennials are impacting holiday shopping and retail trends.","https://www.pymnts.com/buy-now-pay-later/2019/bridge-millennials-retail-impact/"
"Saving like an Indian millennial - Livemint","3 days ago - However, fresh data from the latest round of the YouGov-Mint Millennial Survey shows that among urban India’s working population, the younger age cohorts tend to save a higher share of their incomes than their older counterparts. ... Among millennials, a third of those earning more ...","https://www.livemint.com/news/india/saving-like-an-indian-millennial-11575801972030.html"
"What is a millennial? What years are millennials born between ...","Sep 20, 2017 - You may not want to admit it, but if you were born between the early 1980's to the mid-1990's, you, my friend, are a millennial. This group of ...","https://metro.co.uk/2017/09/20/what-is-a-millennial-6942535/"
"3GT Episode 160: Millennials' View or Millennial Views?","16 hours ago - Are they discussing the view of the Millennial generation, or the different views of the millennium? Once they get that figured out, they are on ...","https://gentlereformation.com/2019/12/10/3gt-74/"
"Redefining the C-Suite: Business the Millennial Way","surveyed over 2,300 global leaders and Millennial managers—the future leaders of business—has found that the Millennial CEO of the future will need.","https://www.americanexpress.com/content/dam/amex/uk/staticassets/pdf/AmexBusinesstheMillennialWay.pdf"
"[Free Report] Sustainability Marketing and Millennials ...","Reaching Millennials through sustainability marketing efforts is a mystery for many. Discover our insights when it comes to Millennials and sustainability.","https://sheltongrp.com/insights/millennial-pulse/"
"OK, Millennial: In defence of Baby Boomers","5 days ago - Boomer women have arguably the strongest grounds on which to feel outrage at the younger generation's accusations of fuddy-duddy-dom.","https://www.smh.com.au/business/the-economy/ok-millennial-in-defence-of-baby-boomers-20191206-p53hgp.html"
"YouTube Millennials: Why The Generation Doesn't Deserve ...","Millennials are often known as the “entitlement generation.” Matt Anderson, a YouTube ads marketer—and millennial—shares new research about millennials' ...","https://www.thinkwithgoogle.com/consumer-insights/millennials-youtube-consumer-insights-marketing/"
"millennials - ACHRNews","It's important to remember that not every member of today's youth fits the “millennial” mold. There are good kids out there. And, while finding these gems may ...","https://www.achrnews.com/keywords/millennials"
"Why CIOs must get over their 'millennial obsession' | CIO","Jul 27, 2018 - Enterprises have become so focused on keeping millennials happy that they run the risk of alienating other generations in their IT departments, from the up-and-coming Generation Z to baby boomers, says Anthony Abbatiello, managing director and global head of consulting for ...","https://www.cio.com/article/3292924/why-cios-must-get-over-their-millennial-obsession.html"
"Millennials are disillusioned with democracy and it's up to ...","2 days ago - News flash: Two-thirds of millennials disapprove of President Trump. But you probably knew that already. Here's what you might not know: ...","https://www.inquirer.com/opinion/commentary/trump-millennials-democracy-university-educator-20191209.html"
"Millennial Travel Forum Antigua Kicks Off; Meet the Agents ...","13 hours ago - With the third Millennial Travel Forum slated to kick off Tuesday, December 10 in Antigua, TravelPulse reveals the names of the 14 agents ...","https://www.travelpulse.com/news/destinations/millennial-travel-forum-antigua-kicks-off-meet-the-agents.html"
"Millennial Money: How procrastinators can win at gift-giving ...","17 hours ago - Even though the holiday season is winding down, you can still get a good bargain.","https://www.sandiegouniontribune.com/business/nation/story/2019-12-10/millennial-money-how-procrastinators-can-win-at-gift-giving"
"Millennials: Breaking the Myths – Nielsen","Jan 27, 2014 - Millennials may be many things, but they may not be what you expect. Millennials are the social generation. They're the founders of the social ...","https://www.nielsen.com/us/en/insights/report/2014/millennials-breaking-the-myths/"
"Millennial Driven Design - Scout Design - Medium","Designers for the Millennial generation, and Millennial designers themselves, have been quick to adopt these values in how they shape designing everything, ...","https://medium.com/scout-design/millennial-driven-design-292c3328c72"
"Differences in motives between Millennial and Generation X ...","Med Educ. 2010 Jun;44(6):570-6. doi: 10.1111/j.1365-2923.2010.03633.x. Differences in motives between Millennial and Generation X medical students.","https://www.ncbi.nlm.nih.gov/pubmed/20604853"
"Holiday trends for millennial gifting (FCL December 10th ...","12 hours ago - Finding the perfect gift for the millennial in your life can be challenging, but of course we have your back! Lifestyle Expert Shira Lazar spoke ...","https://www.firstcoastnews.com/article/news/local/first-coast-living/giftsformillenials/77-8dfc7896-ff38-4eca-b456-36464d2cab5d"
"Millennials: Burden, blessing, or both? | McKinsey","Companies often complain about the unrealistic expectations of millennial workers, but heeding their call to action can improve the work environment for ...","https://www.mckinsey.com/business-functions/organization/our-insights/millennials-burden-blessing-or-both"
"OK Millennials… And Gen X, Too: How Boomers Failed the ...","OK Millennials… And Gen X, Too. By Jonathan Russo • 12/10/19 6:50am. Basically, you're screwed. Pixabay/PDPics. Please don't accuse me of jumping on the ...","https://observer.com/2019/12/ok-millennials-and-gen-x-too/"
"Narcissistic, broke, and 7 other ways to describe the Millennial ...","Apr 18, 2013 - Millennials have both embraced and tried to distance themselves from the characters on HBO's ""Girls,"" who some say epitomize the narcissistic, ...","https://theweek.com/articles/475383/narcissistic-broke-7-other-ways-describe-millennial-generation-updated"
"Accessing your Ad Platform account, | Verizon Media","Jan 4, 2019 - Our simplified suite of advertising solutions is built to help you focus on what’s important to your business. ... Want to quickly log in to your Verizon Media advertiser or publisher account, or sign up today to get started? Just come to this handy page for all Verizon Media ad ...","https://www.verizonmedia.com/insights/accessing-your-ad-platform-account"
"Broadway's 'Jagged Little Pill' courts millennials — but blunts ...","1 day ago - There isn't much I can tell you about Alanis Morissette's album “Jagged Little Pill” that you don't know already. If you are a Gen Xer or an '80s ...","https://www.nbcnews.com/think/opinion/broadway-s-jagged-little-pill-courts-millennials-blunts-alanis-morissette-ncna1097666"
"74 Of The Most Interesting Facts About Millennials","Jun 25, 2013 - Throughout the years, I've collected some of the most interesting primary and secondary research related to the millennial generation (also ...","https://danschawbel.com/blog/74-of-the-most-interesting-facts-about-the-millennial-generation/"
"Myths about millennials - Schumpeter - The Economist","Aug 1, 2015 - ONE of the perks of getting old is that you are allowed to talk nonsense about the young. Plato was said to have complained that young people ...","https://www.economist.com/business/2015/08/01/myths-about-millennials"
"The Millennial Muddle: How Stereotyping Students Became ...","Oct 11, 2009 - Everyone in higher education has pondered ""the Millennials,"" people born between 1982 and 2004 or thereabouts (the years themselves are a ...","https://www.chronicle.com/article/The-Millennial-Muddle-How/48772"
"Millennials and U.S. Foreign Policy: The Next Generation's ...","Jun 16, 2015 - The Millennial Generation, those roughly 87 million adult men and women born between 1980 and 1997, now represent one quarter of the U.S. ...","https://www.cato.org/publications/white-paper/millennials-us-foreign-policy-next-generations-attitudes-toward-foreign"
"Common Myths About Millennials at Work [INFOGRAPHIC ...","Nov 29, 2018 - Whether or not you are a millennial, I'm sure that you've heard the negative stereotypes about how they perform in the workplace.","https://online.jwu.edu/blog/common-myths-about-millennials-at-work"
"The Millennials That Want to See the World - ABC News","Apr 26, 2013 - Millennials are far more interested in traveling internationally than non-Millennials, according to a study by the Boston Consulting Group.","https://abcnews.go.com/Travel/millennials-world/story?id=18971171"
"Mentoring Millennials - Harvard Business Review","The makeup of the global workforce is undergoing a seismic shift: In four years Millennials—the people born between 1977 and 1997—will account for nearly ...","https://hbr.org/2010/05/mentoring-millennials"
"15 economic facts about millennials - Obama White House","Fact 1: Millennials are now the largest, most diverse generation in the U.S. ... Fact 12: Millennial women have more labor market equality than previous ...","https://obamawhitehouse.archives.gov/sites/default/files/docs/millennials_report.pdf"
"Why millennials are increasingly choosing an alcohol-free ...","6 hours ago - A movement known as “sober curious” is gaining popularity with these young adults, who are questioning both the physical effects of alcohol and the way drinking is ingrained in American culture. And now, bars and breweries are looking to capitalize on the trend by offering alcohol ...","https://www.pbs.org/newshour/show/why-millennials-are-increasingly-choosing-an-alcohol-free-lifestyle"
"SSB relaunches Simmons brand, targets Gen Z and Millennials","1 day ago - ATLANTA – Serta Simmons Bedding is relaunching its legacy Simmons brand as a playful, value-priced 'first mattress' line aimed at Gen Z and ...","https://www.furnituretoday.com/bedding-manufacturers/ssb-relaunches-simmons-brand-targets-gen-z-and-millennials/"
"Religion, Values, and Politics among College-Age Millennials","Apr 19, 2012 - A national survey of 2000+ millennials conducted with Georgetown University reveals the challenges Barack Obama and Mitt Romney face in ...","https://www.prri.org/research/millennial-values-survey-2012/"
"2015 Cone Communications Millennial CSR Study — Cone ...","Sep 23, 2015 - The 2015 Cone Communications Millennial CSR Study gives an inside look into the unique attitudes, perceptions and behaviors of different ...","https://www.conecomm.com/research-blog/2015-cone-communications-millennial-csr-study"
"Millennials: A Generation With Unrealistic Expectations ...","May 1, 2013 - Young people coming of age over the past decade or so have been referred to as Millennials, or, in a nod to their individualistic nature, ...","https://psmag.com/economics/millenials-a-generation-with-unrealistic-expectations-56761"
"New Progressive America: The Millennial Generation - Center ...","May 13, 2009 - One of the most important is the rise of the strongly progressive Millennial generation (birth years 1978-2000). Last November's election was ...","https://www.americanprogress.org/issues/democracy/reports/2009/05/13/6133/new-progressive-america-the-millennial-generation/"
"4 New Millennial Trends in the Workplace | Mediabistro","Oct 16, 2017 - Think you know everything about millennials? Think again. As millennials complete their full assimilation into the workforce, their generation ...","https://www.mediabistro.com/employer/blog/trends/4-new-millennial-trends-workplace/"
"4 tips for reaching the elusive millennial demographic - PR Daily","Jan 25, 2018 - Engaging with a millennial (and younger) audience requires more than a clever campaign; it often means reassessing how your company ...","https://www.prdaily.com/4-tips-for-reaching-the-elusive-millennial-demographic/"
"Scoot: How well do Boomers know Millennial music? | WWL","8 hours ago - Scoot talks to WWL listeners about Billie Eilish, who's taking flak on social media for not knowing who Van Halen is. Should young artists know ...","https://wwl.radio.com/media/audio-channel/scoot-how-well-do-boomers-know-millennial-music"
"Who Are The Millennials? - Odyssey","Apr 18, 2016 - The term “Millennials” most commonly refers to people born between the years 1982 and 2000. This generation of people has also been ...","https://www.theodysseyonline.com/who-are-millennials"
"Millennial Generation - BuzzFeed","BuzzFeed has breaking news, vital journalism, quizzes, videos, celeb news, Tasty food videos, recipes, DIY hacks, and all the trending buzz you'll want to share ...","https://www.buzzfeed.com/tag/millennial-generation"
"OK Boomers, Millennials Are an Increasing Force in IT","1 day ago - The new generation of IT professionals looks younger as millennials now make up nearly half (47%) of the IT job market. That's according to ...","https://www.channelfutures.com/business-models/ok-boomers-millennials-are-an-increasing-force-in-it"
"OK Boomer: Millennials in Germany Who Are Tired of the ...","1 day ago - Millennials on the left and right are getting tired of their country's politics of centrism—and trouble in the governing coalition shows it. By Sudha ...","https://foreignpolicy.com/2019/12/09/millennials-germany-tired-politics-centrism-cdu-spd-coalition-ok-boomer/"
"millennial | - Financial Engines","Living in the shadow of the Baby Boomer and Gen X, the Millennials – those born after 1980 – somehow got the message about money. According to a study ...","https://financialengines.com/education-center/tag/millennial/"
"Millennials to Drive US Housing Market in 2020: 5 Must Buys ...","20 hours ago - For most part of 2020, the U.S. housing market is expected to remain strong. After all, it's the millennials that are anticipated to propel the ...","https://www.zacks.com/stock/news/663432/millennials-to-drive-us-housing-market-in-2020-5-must-buys"
"Millennial Money: How procrastinators can win at gift-giving ...","14 hours ago - Even though the holiday season is winding down, you can still get a good bargain.","https://www.newsobserver.com/news/business/article238220899.html"
"What is the definition of a millenial? - Quora","It used to be that people more-or-less born in the 80s were called Generation Y, and people born in the 90s were Millennials. Now the terms have merged ...","https://www.quora.com/What-is-the-definition-of-a-millenial"
"Diverse Millennial Students in College: Implications for ...","See values and attitudes Bi- and Multiracial Millennial students academic engagement, 234–235 compared to all Millennials, 229–232 future trends, 239–240 ...","https://books.google.com/books?id=ube_eIumrZQC&pg=PA292&lpg=PA292&dq=millennial&source=bl&ots=5pEhr9eUl_&sig=ACfU3U2S7yEktrVPPL_vOkbVfv39h_ieAw&hl=en&ppis=_c&sa=X&ved=2ahUKEwiH1Z6V8qzmAhUOrp4KHc70C5M4qgEQ6AEwCHoECAoQAQ"
"Meet Florida's Millennial generation | Florida Millennials ...","Jan 26, 2017 - To understand the Millennial generation — a generation more numerous than the storied Baby Boomers — meet one: Jacqueline Gonzales, 29 ...","https://www.floridatrend.com/article/21383/meet-floridas-millennial-generation"
"Study: Most Millennials Believe Gender Exists On A Spectrum ...","8 hours ago - In particular, 52% of millennials now believe that gender exists on a spectrum, according to a new report from Forrester. Facilitating their ...","https://www.mediapost.com/publications/article/344405/study-most-millennials-believe-gender-exists-on-a.html"
"LGBT lobby blames video games after study finds Millennials ...","13 hours ago - On last night's episode of The Ezra Levant Show, we covered a survey by rights group GLAAD which found the number of Millennials who ...","https://www.rebelnews.com/lgbt_lobby_blames_video_games_after_study_finds_millennials_are_no_longer_allies"
"How Marriott's Aloft Sub-brand Uses Music To Reach ... - PSFK","2 days ago - Brands across categories are angling to keep up, investing in design, services and marketing that cater to the values of millennial and Gen-Z ...","https://www.psfk.com/2019/12/marriotts-aloft-hotel-music-experience.html"
"Managing Human Resources for the Millennial Generation","The task of motivating the Millennial generation offers new challenges to organizational human resource management functions. The chapter will address these ...","https://books.google.com/books?id=uzYoDwAAQBAJ&pg=PA54&lpg=PA54&dq=millennial&source=bl&ots=fblhVtB9sD&sig=ACfU3U1NTTi_mGXLUb4My3ZP0otyH4qyog&hl=en&ppis=_c&sa=X&ved=2ahUKEwj61PKa8qzmAhVNrZ4KHQYPCPo4tAEQ6AEwA3oECAoQAQ"
"The perfect apps for millennials | BBVA","Jan 24, 2018 - However, millennials' cell phones don't live on social media alone. Applications such as Tinder and Meetic are used to look for a partner, and ...","https://www.bbva.com/en/the-perfect-apps-for-millennials/"
"The Hot New Millennial Trend Is Hating Millennials - VICE","Jul 6, 2016 - No one is quite sure exactly what a millennial is, but everyone knows that it's bad to be one.","https://www.vice.com/en_ca/article/kwkq5a/new-millennial-trend-hating-millennials"
"Millennial Money: How procrastinators can win at gift-giving","17 hours ago - It's down to the wire, but there are still methods to save money on your last-minute holiday purchases. Here are four simple ways to do it.","https://www.yorkdispatch.com/story/money/2019/12/10/millennial-money-procrastinators-can-win-gift-giving/40792585/"
"Millennial Councilwoman Encourages Younger Generations ...","5 hours ago - Millennial Councilwoman Encourages Younger Generations to Get ... goals, and advice for millennials who want to get more politically active.","https://www.tapinto.net/sections/tapintotv/articles/millennial-councilwoman-encourages-younger-generations-to-get-involved-in-local-government"
"Millennial manners? We have Jeremie Frimpong's charm and ...","1 day ago - Catriona Stewart: Millennials don't need manners when they have Jeremie Frimpong's charm. 1. Menu. News ...","https://www.heraldscotland.com/news/18090618.millennial-manners-jeremie-frimpongs-charm-sanna-marins-smarts/"
"millennials - Farm Equipment","Jan 25, 2019 - Recent UW-Madison graduate (Life Science Communications within the Ag School) Jordan Gaal finds himself on the fringe between Millennial ...","https://www.farm-equipment.com/keywords/millennials"
"3 Ways to Engage a Millennial Event or Meeting Audience ...","May 3, 2017 - Exceeding expectations of a millennial audience is increasingly important and can drive the success of your meeting or event experience.","https://wellingtonexperience.com/engage-millennial-audience/"
"Generational Divide: Millennials, Gen Xers and Boomers Can ...","18 hours ago - FORT LAUDERDALE, Fla., Dec. 10, 2019 /PRNewswire/ -- What do Millennials, Gen Xers and Baby Boomers have in common? ... With each generation having its unique financial issues, Consolidated Credit is offering specific advice. ... Although Gen X has the highest average debt load put on a ...","https://www.prnewswire.com/news-releases/generational-divide-millennials-gen-xers-and-boomers-can-avoid-holiday-debt-with-this-advice-300971804.html"
"LIC woos millennials with upgraded website, better customer ...","14 hours ago - In a bid to attract millennials, Life Insurance Corporation (LIC) of India has improved its customer service experience and upgraded its online ...","https://www.business-standard.com/article/companies/lic-woos-millennials-with-upgraded-website-better-customer-service-119121001427_1.html"
"Journalists suspended from Twitter for reporting on Pensacola ...","2 days ago - UPDATE: A Twitter spokesperson responding to The Post Millennial advised that Cernovich, Ngo, and Hegseth had been suspended for ...","https://www.thepostmillennial.com/journalists-suspended-from-twitter-for-reporting-on-pensacola-shooters-motivation/"
"The Gen X and Millennial Guide to a Thriving Career","The millennials, born between 1981 and 2000, are a massive generation ofapproximately 72 million members whose parents are both the boomers and gen X.","https://books.google.com/books?id=ZjyGAgAAQBAJ&pg=PA12&lpg=PA12&dq=millennial&source=bl&ots=I7R_qqERr-&sig=ACfU3U36iQkTK6dn5H1fFLP7lKQkPUOzZA&hl=en&ppis=_c&sa=X&ved=2ahUKEwiokNig8qzmAhVNqJ4KHZSPAF84vgEQ6AEwBHoECAoQAQ"
"The impact of Millennials in the workplace - The Consultancy ...","The generation known as Millennials, generally agreed to be those born between 1981 and the late '90s, are the largest generation in the US workforce and b.","https://www.consultancygroup.com/blog/2018/03/the-impact-of-millennials-in-the-workplace"
"The Latter-Day Saints' Millennial Star","CAUGHT IN HIS OWN TOILS. As intimated a week ago, some attention will now be paid to a personal attack on the editor of the Millennial Stah by the Vicar of St.","https://books.google.com/books?id=-dgRAAAAIAAJ&pg=PA264&lpg=PA264&dq=millennial&source=bl&ots=eosPQOXV0K&sig=ACfU3U30XZswx6wkXjFi3KZ4tlfjXdbRRA&hl=en&ppis=_c&sa=X&ved=2ahUKEwiokNig8qzmAhVNqJ4KHZSPAF84vgEQ6AEwBnoECAkQAQ"
"Millenials - Reddit","Members of the millennial generation – painting the group with a broad brush – embrace a way of life often called “YOLO,” for “You only live once.” Yet each ...","https://www.reddit.com/r/millenials/"
"Are you ready for the Post-Millennial Generation in your ...","Mar 31, 2017 - Not only was I thrown off at the thought of my nephew being a college student but also at the thought that he will not be a millennial, he will be a ...","https://milady.cengage.com/blog/ready-post-millennial-generation-classroom"
"Experiential marketing is winning Millennials' hearts… and ...","Millennials are reshaping the retail industry. They're looking for deals, not horse-and-mallet logos. They want a seamless shopping experience that melds the ...","https://www.thestorefront.com/mag/experiential-marketing-is-winning-millennials-hearts-and-wallets/"
"Here Is Why We Can't Generalize Millennials - Influencive","Jul 11, 2016 - Millennials: You either love them or hate them, and chances are, you don't really understand them. Look, it's not you, it's… well, it's not me ...","https://www.influencive.com/cant-generalize-millennials"
"millenial - Wiktionary","Search. millenial. Language; Watch · Edit. SpanishEdit. NounEdit. millenial m or f (plural millenials). Alternative spelling of millennial. Retrieved from ...","https://en.wiktionary.org/wiki/millenial"
"How should cosmetic brands target Gen Z, Millennials ...","Sep 26, 2019 - There are in fact a lot of differences between Baby Boomers, Millennials, and Gen Z. Do you know how different generations think about ...","https://www.oribionature.com/how-cosmetic-brands-target-genz-millennials-boomers/"
"Vietnam millennials - The secrets to finding and hiring them","Nov 28, 2017 - Millennials entrepreneurs are founding, operating big businesses and creating impact in industries around the world. So how can we find and ...","http://staffing.hrnavi.com/blog/finding-hiring-top-millennial-employees"
"#Millenials — Steemit","But the years weren't certain, for Newsweek magazine they reported that the Millennial generation was born between 1977 and 1994 and New York Times the ...","https://steemit.com/life/@christinebeegee/millenials"
"What are Containers and Why Do You Need Them? I ...","Apr 17, 2018 - Containers exist because they solve an important problem: how to make sure that software runs correctly when it is moved from one computing ...","https://www.trustradius.com/buyer-blog/what-are-containers-and-why-do-you-need-them"
"MISS UNIVERSE: MARK MY WORD - Missosology","Millennials sssssss. Sophia7: ELITES are highly regarded ... Before you brag, ask your girl to define first what is Millennials, then we talk... 8-> ...","https://www.missosology.info/forum/viewtopic.php?f=3&t=1759844"
